timestamp,vehicle_id,route_id,trip_id,start_time,start_date,latitude,longitude,bearing,speed_ms,speed_kmh,schedule_relationship,congestion_level,occupancy_status,route_number
1477811837,33553_11417511_2436_619_1,2436_619,331691,17:36:00,20161030,-33.72142791748047,150.9752960205078,341.0,12.0,43.2,0,4,1,619
1477811848,33553_11417523_2436_619_1,2436_619,331795,18:15:00,20161030,-33.690284729003906,150.9227294921875,217.0,0.0,0.0,0,1,1,619
1477811834,9212_259516_2446_893_1,2446_893,281851,18:04:00,20161030,-34.063446044921875,150.78634643554688,314.0,10.899999618530273,39.23999862670899,0,0,1,893
1477811862,8896_89448900739_2433_750_1,2433_750,25191,18:01:00,20161030,-33.736751556396484,150.8383331298828,123.0,12.600000381469727,45.36000137329102,0,0,1,750
1477811853,8896_89448910739_2433_750_1,2433_750,16395,17:48:00,20161030,-33.76538848876953,150.81727600097656,189.0,0.0,0.0,0,1,1,750
1477811850,8896_89448890739_2433_750_1,2433_750,16969,18:18:00,20161030,-33.76829528808594,150.90713500976562,282.0,6.5,23.400000000000002,0,1,2,750
1477811863,11954_140862532_2441_343_1,2441_343,262775,18:05:00,20161030,-33.906246185302734,151.206787109375,326.0,3.4000000953674316,12.240000343322754,0,2,1,343
1477811864,11954_142750959_2441_343_1,2441_343,263303,17:05:00,20161030,-33.794246673583984,151.1893768310547,246.0,0.0,0.0,0,3,1,343
1477811862,11954_142750960_2441_343_1,2441_343,231304,17:20:00,20161030,-33.898345947265625,151.20632934570312,187.0,2.5,9.0,0,4,3,343
1477811862,11954_142750961_2441_343_1,2441_343,262773,17:25:00,20161030,-33.82714080810547,151.20191955566406,9.0,5.300000190734863,19.08000068664551,0,0,1,343
1477811853,11954_129301362_2441_343_1,2441_343,231308,18:00:00,20161030,-33.82372283935547,151.200927734375,180.0,0.20000000298023224,0.7200000107288361,0,1,1,343
1477811856,11954_137648323_2441_343_1,2441_343,262774,17:45:00,20161030,-33.87379455566406,151.2098388671875,5.0,0.0,0.0,0,1,1,343
1477811855,33553_11417669_2436_T66_1,2436_T66,300042,18:00:00,20161030,-33.77781295776367,150.96359252929688,329.0,21.799999237060547,78.47999725341798,0,1,1,T66
1477811852,33553_11417627_2436_T66_1,2436_T66,300355,17:31:00,20161030,-33.81497573852539,150.99655151367188,132.0,17.200000762939453,61.920002746582036,0,0,1,T66
1477811862,11954_76250659_2440_225_1,2440_225,318411,18:11:00,20161030,-33.8316764831543,151.22225952148438,10.0,0.0,0.0,0,1,1,225
1477811855,11954_76394066_2439_252_1,2439_252,314923,17:47:00,20161030,-33.86682891845703,151.20335388183594,264.0,8.5,30.6,0,0,1,252
1477811861,8896_89453340739_2433_T75_1,2433_T75,24471,17:29:00,20161030,-33.690185546875,150.9228973388672,226.0,0.0,0.0,0,1,1,T75
1477811851,11954_81283336_2439_M40_1,2439_M40,308490,17:39:00,20161030,-33.7997932434082,151.1987762451172,339.0,11.199999809265137,40.319999313354494,0,4,1,M40
1477811847,11954_81283337_2439_M40_1,2439_M40,308158,17:59:00,20161030,-33.88081741333008,151.21717834472656,294.0,0.0,0.0,0,1,1,M40
1477811851,11954_81283338_2439_M40_1,2439_M40,308504,18:19:00,20161030,-33.89127731323242,151.2497100830078,352.0,3.799999952316284,13.679999828338623,0,0,1,M40
1477811853,11954_81283373_2439_M40_1,2439_M40,282273,17:37:00,20161030,-33.88486862182617,151.22601318359375,103.0,0.20000000298023224,0.7200000107288361,0,1,1,M40
1477811853,11954_81283374_2439_M40_1,2439_M40,122417,17:57:00,20161030,-33.85130310058594,151.21136474609375,208.0,17.600000381469727,63.36000137329102,0,1,1,M40
1477811862,8284_3891666_2437_941_1,2437_941,322876,18:08:00,20161030,-33.908329010009766,151.04763793945312,12.0,6.300000190734863,22.68000068664551,0,4,1,941
1477811822,11954_76394151_2439_292_1,2439_292,318629,18:16:00,20161030,-33.86608123779297,151.20333862304688,174.0,4.400000095367432,15.840000343322755,0,1,2,292
1477811857,11954_76678035_2438_504_1,2438_504,262156,18:00:00,20161030,-33.851585388183594,151.1536407470703,232.0,0.0,0.0,0,4,1,504
1477811861,11954_142750384_2441_370_1,2441_370,262811,17:12:00,20161030,-33.918312072753906,151.25733947753906,8.0,5.699999809265137,20.519999313354493,0,0,1,370
1477811851,11954_76555971_2441_370_1,2441_370,261923,17:30:00,20161030,-33.88039016723633,151.17979431152344,237.0,2.5999999046325684,9.359999656677246,0,1,1,370
1477811863,11954_111823856_2441_370_1,2441_370,263285,18:12:00,20161030,-33.885215759277344,151.1499786376953,8.0,7.099999904632568,25.559999656677245,0,1,2,370
1477811847,11954_111823862_2441_370_1,2441_370,261924,17:45:00,20161030,-33.90586853027344,151.20278930664062,348.0,0.0,0.0,0,1,2,370
1477811858,11954_111823863_2441_370_1,2441_370,261925,18:00:00,20161030,-33.90956497192383,151.21942138671875,280.0,7.699999809265137,27.719999313354492,0,1,1,370
1477811861,10291_160967_2434_872_1,2434_872,322217,17:20:00,20161030,-33.9826774597168,150.8838348388672,15.0,11.699999809265137,42.11999931335449,0,1,1,872
1477811855,10291_161369_2434_872_1,2434_872,322161,18:20:00,20161030,-34.078250885009766,150.80545043945312,39.0,0.0,0.0,0,1,2,872
1477811864,10291_292148_2434_872_1,2434_872,321719,17:25:00,20161030,-33.93509292602539,150.91729736328125,207.0,6.199999809265137,22.319999313354494,0,0,1,872
1477811853,34456_188300_2456_33_1,2456_33,239770,17:57:00,20161030,-34.439697265625,150.85702514648438,224.0,12.899999618530273,46.439998626708984,0,1,1,33
1477811864,3936_133322_2453_25_1,2453_25,312439,17:33:00,20161030,-33.32967758178711,151.43472290039062,8.0,7.400000095367432,26.640000343322754,0,0,1,25
1477811862,3936_133622_2453_25_1,2453_25,312440,18:33:00,20161030,-33.36289596557617,151.48870849609375,100.0,7.599999904632568,27.359999656677246,0,0,1,25
1477811857,11954_104214382_2441_308_1,2441_308,262658,18:05:00,20161030,-33.89755630493164,151.19558715820312,45.0,6.300000190734863,22.68000068664551,0,0,1,308
1477811860,11954_76457912_2441_396_1,2441_396,307905,18:23:00,20161030,-33.94808578491211,151.25491333007812,224.0,0.0,0.0,0,3,1,396
1477811864,11954_76457911_2441_396_1,2441_396,308346,17:53:00,20161030,-33.884700775146484,151.21795654296875,337.0,11.300000190734863,40.680000686645506,0,0,1,396
1477811860,11954_76457794_2441_396_1,2441_396,308359,17:58:00,20161030,-33.901737213134766,151.22279357910156,166.0,8.600000381469727,30.960001373291018,0,1,2,396
1477811863,11954_76457793_2441_396_1,2441_396,307821,17:28:00,20161030,-33.94257736206055,151.24661254882812,100.0,12.699999809265137,45.71999931335449,0,4,1,396
1477811862,11954_76457844_2441_396_1,2441_396,308143,18:16:00,20161030,-33.86229705810547,151.21205139160156,189.0,6.800000190734863,24.480000686645507,0,0,1,396
1477811856,11954_77721911_2438_426_1,2438_426,332449,17:49:00,20161030,-33.894710540771484,151.18211364746094,219.0,1.7999999523162842,6.479999828338623,0,1,1,426
1477811852,11954_77721912_2438_426_1,2438_426,332450,18:04:00,20161030,-33.88266372680664,151.2046356201172,228.0,0.800000011920929,2.8800000429153445,0,3,1,426
1477811858,11954_73459383_2438_466_1,2438_466,345792,17:52:00,20161030,-33.87156677246094,151.09315490722656,114.0,0.699999988079071,2.519999957084656,0,1,1,466
1477811854,12534_82004310763_2452_81_1,2452_81,152996,17:56:00,20161030,-33.28416061401367,151.4329071044922,234.0,14.300000190734863,51.48000068664551,0,0,1,81
1477811826,12534_82003630763_2452_81_1,2452_81,284258,17:55:00,20161030,-33.274654388427734,151.4818878173828,98.0,10.899999618530273,39.23999862670899,0,1,1,81
1477811864,11954_76245020_2440_155_1,2440_155,261935,17:45:00,20161030,-33.71297836303711,151.30018615722656,19.0,9.100000381469727,32.76000137329102,0,0,1,155
1477811861,11954_76247209_2440_155_1,2440_155,262674,17:23:00,20161030,-33.769527435302734,151.2683563232422,166.0,13.199999809265137,47.5199993133545,0,1,1,155
1477811763,11954_105111462_2439_538_1,2439_538,47865,18:20:00,20161030,-33.83837890625,151.17617797851562,173.0,0.0,0.0,0,0,2,538
1477811864,11954_76457808_2441_L94_1,2441_L94,150616,17:33:00,20161030,-33.982276916503906,151.23629760742188,260.0,0.4000000059604645,1.4400000214576723,0,1,1,L94
1477811857,11954_76457809_2441_L94_1,2441_L94,149437,18:03:00,20161030,-33.880489349365234,151.2167205810547,135.0,0.0,0.0,0,1,3,L94
1477811862,20052_55644_2449_130_1,2449_130,320910,17:30:00,20161030,-32.80801773071289,151.85589599609375,76.0,22.5,81.0,0,0,1,130
1477811857,11954_76245059_2440_142_1,2440_142,261576,18:13:00,20161030,-33.75612258911133,151.24473571777344,128.0,10.800000190734863,38.88000068664551,0,1,1,142
1477811862,10291_221226_2434_851_1,2434_851,322037,18:00:00,20161030,-33.948604583740234,150.86839294433594,164.0,5.400000095367432,19.440000343322755,0,1,1,851
1477811851,11954_160491976_2440_139_1,2440_139,341410,18:12:00,20161030,-33.79351806640625,151.28529357910156,6.0,0.0,0.0,0,1,1,139
1477811833,11954_76244787_2440_139_1,2440_139,62189,18:05:00,20161030,-33.77225875854492,151.29307556152344,196.0,0.0,0.0,0,0,1,139
1477811859,8266_179874_2445_271_1,2445_271,225113,17:45:00,20161030,-33.75010681152344,151.2252960205078,325.0,0.0,0.0,0,4,1,271
1477811858,33553_11417481_2436_601_1,2436_601,302010,18:08:00,20161030,-33.70859909057617,150.942138671875,118.0,0.5,1.8,0,0,1,601
1477811861,33553_11417553_2436_601_1,2436_601,310001,17:40:00,20161030,-33.716285705566406,150.96337890625,341.0,0.0,0.0,0,1,1,601
1477811849,10291_141790_2434_869_1,2434_869,321798,17:40:00,20161030,-33.93687438964844,150.8898468017578,10.0,13.100000381469727,47.16000137329102,0,1,1,869
1477811862,10291_273081_2434_869_1,2434_869,321938,17:44:00,20161030,-33.9536247253418,150.85845947265625,104.0,11.5,41.4,0,1,1,869
1477811850,11954_76362439_2439_525_1,2439_525,339655,17:43:00,20161030,-33.81264877319336,151.04420471191406,280.0,15.100000381469727,54.36000137329102,0,0,1,525
1477811858,11954_133119219_2439_525_1,2439_525,329133,18:07:00,20161030,-33.81093978881836,151.03390502929688,115.0,11.800000190734863,42.48000068664551,0,1,1,525
1477811847,11954_76362451_2439_525_1,2439_525,329038,17:37:00,20161030,-33.86663055419922,151.09376525878906,179.0,4.900000095367432,17.640000343322754,0,1,2,525
1477811858,11954_133119255_2439_525_1,2439_525,339597,18:12:00,20161030,-33.87059020996094,151.09603881835938,287.0,12.100000381469727,43.560001373291016,0,3,1,525
1477811864,11954_76362607_2439_549_1,2439_549,329651,17:47:00,20161030,-33.76551818847656,151.07821655273438,110.0,9.300000190734863,33.48000068664551,0,1,1,549
1477811854,23537_139546_2444_M91_1,2444_M91,264895,17:40:00,20161030,-33.915626525878906,151.0376434326172,175.0,0.699999988079071,2.519999957084656,0,1,1,M91
1477811854,23537_139423_2444_M91_1,2444_M91,313337,17:20:00,20161030,-33.95548629760742,151.03163146972656,230.0,12.0,43.2,0,4,1,M91
1477811858,23537_139454_2444_M91_1,2444_M91,265538,17:00:00,20161030,-33.82891845703125,151.00811767578125,297.0,14.5,52.2,0,1,1,M91
1477811864,23537_139465_2444_M91_1,2444_M91,313222,17:40:00,20161030,-33.89397048950195,151.00479125976562,188.0,11.300000190734863,40.680000686645506,0,4,1,M91
1477811865,23537_139485_2444_M91_1,2444_M91,173736,18:20:00,20161030,-33.817237854003906,151.00404357910156,304.0,0.0,0.0,0,1,2,M91
1477811852,23537_139494_2444_M91_1,2444_M91,313336,17:00:00,20161030,-33.965850830078125,151.1011505126953,141.0,3.700000047683716,13.320000171661377,0,1,1,M91
1477811858,23537_139515_2444_M91_1,2444_M91,265539,17:20:00,20161030,-33.88300323486328,151.00006103515625,279.0,7.099999904632568,25.559999656677245,0,1,1,M91
1477811847,3936_199242_2453_21_1,2453_21,312531,18:05:00,20161030,-33.43831253051758,151.3770294189453,100.0,16.799999237060547,60.47999725341797,0,1,1,21
1477811852,3936_99151_2453_21_1,2453_21,312743,17:45:00,20161030,-33.42230987548828,151.4390106201172,193.0,9.699999809265137,34.919999313354495,0,1,1,21
1477811854,11954_804297_2438_439_1,2438_439,262939,18:00:00,20161030,-33.88465118408203,151.19326782226562,266.0,6.699999809265137,24.119999313354494,0,1,2,439
1477811860,11954_76514284_2438_439_1,2438_439,262938,17:29:00,20161030,-33.866825103759766,151.12991333007812,11.0,10.300000190734863,37.08000068664551,0,2,1,439
1477811858,11954_804324_2438_439_1,2438_439,262937,16:59:00,20161030,-33.8401985168457,151.10684204101562,252.0,0.0,0.0,0,0,1,439
1477811860,17740_7794127_2451_106_1,2451_106,266563,17:56:00,20161030,-32.88948059082031,151.72621154785156,131.0,0.0,0.0,0,1,1,106
1477811860,11954_76503068_2441_311_1,2441_311,291174,18:15:00,20161030,-33.8828125,151.2081756591797,100.0,1.5,5.4,0,2,1,311
1477811860,11954_76503091_2441_311_1,2441_311,291173,17:45:00,20161030,-33.87409973144531,151.2163848876953,189.0,2.5,9.0,0,1,1,311
1477811861,11954_76503111_2441_311_1,2441_311,317860,18:15:00,20161030,-33.86156463623047,151.2028350830078,174.0,9.800000190734863,35.28000068664551,0,1,1,311
1477811860,11954_76503110_2441_311_1,2441_311,318827,17:45:00,20161030,-33.88093185424805,151.2174530029297,297.0,1.0,3.6,0,1,1,311
1477811856,11954_73459308_2438_461_1,2438_461,345897,17:55:00,20161030,-33.88460922241211,151.19357299804688,268.0,5.699999809265137,20.519999313354493,0,1,1,461
1477811861,11954_73459319_2438_461_1,2438_461,345790,17:25:00,20161030,-33.869659423828125,151.1108856201172,277.0,9.100000381469727,32.76000137329102,0,1,1,461
1477811863,11954_73459346_2438_461_1,2438_461,246943,17:55:00,20161030,-33.88774871826172,151.16090393066406,100.0,0.0,0.0,0,4,1,461
1477811861,11954_73459351_2438_461_1,2438_461,345898,18:25:00,20161030,-33.87175369262695,151.2161865234375,41.0,0.0,0.0,0,0,1,461
1477811855,23537_139366_2444_925_1,2444_925,264833,18:12:00,20161030,-33.87229919433594,151.04286193847656,279.0,0.0,0.0,0,1,1,925
1477811860,34456_328661_2456_57_1,2456_57,239761,17:10:00,20161030,-34.54188919067383,150.78440856933594,351.0,0.0,0.0,0,0,1,57
1477811860,8896_89462550739_2433_786_1,2433_786,22342,17:37:00,20161030,-33.74541473388672,150.7050018310547,266.0,7.5,27.0,0,0,1,786
1477811851,11954_104127156_2438_418_1,2438_418,339999,17:58:00,20161030,-33.90584182739258,151.12704467773438,173.0,8.899999618530273,32.039998626708986,0,1,1,418
1477811854,11954_104127160_2438_418_1,2438_418,338119,17:24:00,20161030,-33.92393493652344,151.1870880126953,182.0,5.599999904632568,20.159999656677247,0,0,1,418
1477811851,11954_127319736_2438_418_1,2438_418,339409,17:54:00,20161030,-33.92515563964844,151.23489379882812,270.0,4.900000095367432,17.640000343322754,0,1,1,418
1477811860,11954_127319749_2438_418_1,2438_418,339621,17:28:00,20161030,-33.9251708984375,151.22525024414062,80.0,5.900000095367432,21.240000343322755,0,3,1,418
1477811857,17740_7794300_2451_310_1,2451_310,313089,17:35:00,20161030,-32.96137619018555,151.696533203125,54.0,0.0,0.0,0,1,1,310
1477811860,17740_7794275_2451_310_1,2451_310,313139,17:12:00,20161030,-33.03596115112305,151.66024780273438,95.0,7.5,27.0,0,4,1,310
1477811840,17740_7794280_2451_310_1,2451_310,313081,18:14:00,20161030,-32.92604446411133,151.78392028808594,43.0,2.700000047683716,9.720000171661377,0,1,1,310
1477811862,17740_7794467_2451_363_1,2451_363,266135,18:13:00,20161030,-32.9267692565918,151.77468872070312,261.0,6.900000095367432,24.840000343322753,0,1,1,363
1477811863,17740_7794464_2451_363_1,2451_363,266192,17:41:00,20161030,-32.92396545410156,151.6977996826172,38.0,14.899999618530273,53.63999862670899,0,1,1,363
1477811863,11954_76394015_2439_254_1,2439_254,318866,18:08:00,20161030,-33.83087158203125,151.20323181152344,326.0,9.699999809265137,34.919999313354495,0,4,1,254
1477811862,38743_4145891_2435_813_1,2435_813,355376,17:46:00,20161030,-33.85198974609375,150.93028259277344,100.0,13.600000381469727,48.960001373291014,0,0,1,813
1477811814,10291_256050_2434_858_1,2434_858,322086,18:29:00,20161030,-33.954769134521484,150.80743408203125,281.0,0.0,0.0,0,0,1,858
1477811853,38743_4145788_2435_805_1,2435_805,355867,18:06:00,20161030,-33.889102935791016,150.9021453857422,220.0,12.300000190734863,44.28000068664551,0,0,1,805
1477811863,38743_4146054_2435_805_1,2435_805,355325,18:00:00,20161030,-33.91084671020508,150.878662109375,267.0,0.0,0.0,0,1,1,805
1477811864,11954_161485749_2441_X81_1,2441_X81,340703,18:15:00,20161030,-33.89105987548828,151.27455139160156,220.0,0.0,0.0,0,1,1,X81
1477811859,11954_76393788_2440_263_1,2440_263,341179,18:05:00,20161030,-33.83906936645508,151.21405029296875,350.0,9.899999618530273,35.63999862670899,0,0,1,263
1477811862,38743_4145894_2435_808_1,2435_808,355393,18:18:00,20161030,-33.8717041015625,150.95765686035156,213.0,0.0,0.0,0,1,2,808
1477811863,38743_4145673_2435_808_1,2435_808,356221,18:14:00,20161030,-33.88360595703125,150.88232421875,224.0,14.899999618530273,53.63999862670899,0,1,1,808
1477811846,9212_215454_2446_896_1,2446_896,238992,18:00:00,20161030,-34.03533172607422,150.7470245361328,38.0,22.0,79.2,0,1,1,896
1477811856,8896_89447850739_2433_728_1,2433_728,23932,18:06:00,20161030,-33.78153991699219,150.84701538085938,61.0,9.899999618530273,35.63999862670899,0,1,1,728
1477811853,11954_76537743_2441_400_1,2441_400,274173,16:44:00,20161030,-33.91087341308594,151.23928833007812,5.0,10.300000190734863,37.08000068664551,0,1,2,400
1477811858,11954_142750668_2441_400_1,2441_400,123673,18:17:00,20161030,-33.89128875732422,151.24887084960938,98.0,3.4000000953674316,12.240000343322754,0,2,1,400
1477811861,11954_76502524_2441_400_1,2441_400,338733,17:01:00,20161030,-33.952430725097656,151.13607788085938,201.0,0.0,0.0,0,0,2,400
1477811854,11954_81714477_2441_400_1,2441_400,274787,17:59:00,20161030,-33.91196060180664,151.23910522460938,357.0,6.5,23.400000000000002,0,1,1,400
1477811849,11954_81714469_2441_400_1,2441_400,273914,17:24:00,20161030,-33.924476623535156,151.18716430664062,356.0,0.0,0.0,0,1,1,400
1477811859,34456_257588_2456_3_1,2456_3,239670,17:30:00,20161030,-34.370182037353516,150.89739990234375,196.0,14.600000381469727,52.560001373291016,0,0,1,3
1477811864,8266_135727_2445_194_1,2445_194,224663,18:00:00,20161030,-33.80677795410156,151.20498657226562,10.0,12.600000381469727,45.36000137329102,0,1,1,194
1477811796,11954_76538415_2438_423_1,2438_423,345834,18:01:00,20161030,-33.93567657470703,151.09999084472656,348.0,0.0,0.0,0,2,1,423
1477811855,11954_77721883_2438_423_1,2438_423,332463,17:59:00,20161030,-33.887359619140625,151.19357299804688,208.0,9.300000190734863,33.48000068664551,0,1,1,423
1477811862,11954_77721884_2438_423_1,2438_423,332464,18:14:00,20161030,-33.87606430053711,151.20877075195312,186.0,0.0,0.0,0,1,1,423
1477811856,11954_76393730_2439_257_1,2439_257,263231,18:13:00,20161030,-33.82655334472656,151.2510223388672,244.0,2.200000047683716,7.9200001716613775,0,4,1,257
1477811861,11954_76393720_2439_257_1,2439_257,262267,17:43:00,20161030,-33.79503631591797,151.18699645996094,249.0,2.5,9.0,0,1,1,257
1477811862,11954_76393776_2439_257_1,2439_257,121210,17:45:00,20161030,-33.82604217529297,151.24365234375,162.0,11.300000190734863,40.680000686645506,0,4,1,257
1477811864,8896_89448110739_2433_729_1,2433_729,21656,17:55:00,20161030,-33.78009033203125,150.87521362304688,98.0,10.899999618530273,39.23999862670899,0,0,1,729
1477811858,11954_76250736_2440_227_1,2440_227,345804,18:17:00,20161030,-33.84928894042969,151.21200561523438,357.0,5.199999809265137,18.719999313354492,0,1,1,227
1477811859,8896_89460380783_2433_675C_1,2433_675C,317154,18:00:00,20161030,-33.641292572021484,150.8113555908203,33.0,11.199999809265137,40.319999313354494,0,0,1,675C
1477811860,17740_7794226_2451_230_1,2451_230,266037,18:02:00,20161030,-32.92433547973633,151.738525390625,274.0,7.900000095367432,28.440000343322755,0,4,1,230
1477811858,17740_7794240_2451_230_1,2451_230,266195,18:22:00,20161030,-32.9046745300293,151.66639709472656,243.0,0.0,0.0,0,0,1,230
1477811840,11954_142750084_2441_372_1,2441_372,307744,18:00:00,20161030,-33.909027099609375,151.23829650878906,98.0,0.0,0.0,0,1,1,372
1477811851,11954_142749949_2441_372_1,2441_372,308012,17:52:00,20161030,-33.88569259643555,151.20680236816406,10.0,0.0,0.0,0,4,2,372
1477811852,11954_142750049_2441_372_1,2441_372,308013,18:07:00,20161030,-33.91355514526367,151.23959350585938,337.0,7.099999904632568,25.559999656677245,0,1,1,372
1477811838,8999_48481_2447_163_1,2447_163,290368,18:20:00,20161030,-33.10734558105469,151.48802185058594,60.0,0.0,0.0,0,0,1,163
1477811862,11954_76457942_2441_394_1,2441_394,308146,17:40:00,20161030,-33.87699890136719,151.21241760253906,303.0,0.10000000149011612,0.36000000536441806,0,1,1,394
1477811856,11954_142750665_2441_314_1,2441_314,144311,18:06:00,20161030,-33.90963363647461,151.24383544921875,190.0,10.399999618530273,37.439998626708984,0,0,2,314
1477811858,10291_161183_2434_870_1,2434_870,320991,17:55:00,20161030,-34.050174713134766,150.83628845214844,49.0,10.399999618530273,37.439998626708984,0,0,1,870
1477811865,8896_89460640739_2433_770_1,2433_770,281421,18:03:00,20161030,-33.77040481567383,150.77330017089844,8.0,0.0,0.0,0,1,1,770
1477811759,11954_76244700_2440_180_1,2440_180,345707,17:27:00,20161030,-33.75234603881836,151.28697204589844,50.0,9.600000381469727,34.560001373291016,0,1,1,180
1477811829,11954_76244708_2440_180_1,2440_180,341253,18:07:00,20161030,-33.7410888671875,151.28958129882812,204.0,3.5,12.6,0,1,1,180
1477811857,11954_76362309_2439_506_1,2439_506,261574,17:45:00,20161030,-33.82188415527344,151.13455200195312,297.0,0.30000001192092896,1.0800000429153442,0,2,1,506
1477811861,11954_76362311_2439_506_1,2439_506,85456,18:05:00,20161030,-33.82307052612305,151.13722229003906,126.0,7.0,25.2,0,0,1,506
1477811855,8284_3891765_2437_945_1,2437_945,267356,18:06:00,20161030,-33.932281494140625,151.0494842529297,179.0,7.199999809265137,25.91999931335449,0,0,1,945
1477811853,8284_3891754_2437_945_1,2437_945,323040,18:13:00,20161030,-33.96476364135742,151.1009063720703,242.0,6.0,21.6,0,1,1,945
1477811851,11954_76538004_2438_476_1,2438_476,338368,17:40:00,20161030,-33.962711334228516,151.13304138183594,55.0,0.0,0.0,0,1,1,476
1477811857,11954_76537938_2438_476_1,2438_476,338369,18:10:00,20161030,-33.96269226074219,151.13333129882812,235.0,0.0,0.0,0,1,1,476
1477811855,34456_173319_2456_31_1,2456_31,234340,17:15:00,20161030,-34.43450927734375,150.8625946044922,44.0,0.0,0.0,0,4,1,31
1477811849,17740_7794155_2451_224_1,2451_224,266056,18:03:00,20161030,-32.92740249633789,151.76101684570312,281.0,3.9000000953674316,14.040000343322754,0,1,1,224
1477811864,38743_4145823_2435_807_1,2435_807,355446,18:34:00,20161030,-33.88154983520508,150.88511657714844,234.0,10.899999618530273,39.23999862670899,0,0,1,807
1477811863,38743_4145747_2435_807_1,2435_807,357142,18:22:00,20161030,-33.89440155029297,150.93881225585938,191.0,0.0,0.0,0,0,2,807
1477811864,38743_4145744_2435_807_1,2435_807,357141,17:52:00,20161030,-33.88154983520508,150.88511657714844,234.0,10.899999618530273,39.23999862670899,0,0,1,807
1477811849,38743_4146274_2435_827_1,2435_827,354818,18:04:00,20161030,-33.895137786865234,150.8625030517578,99.0,12.0,43.2,0,1,1,827
1477811860,11954_76394117_2439_288_1,2439_288,325665,17:30:00,20161030,-33.85175323486328,151.21107482910156,208.0,17.700000762939453,63.72000274658203,0,1,1,288
1477811864,11954_76394118_2439_288_1,2439_288,329235,18:00:00,20161030,-33.781333923339844,151.114013671875,222.0,0.0,0.0,0,1,1,288
1477811856,11954_76394139_2439_288_1,2439_288,345871,18:00:00,20161030,-33.8124885559082,151.1710205078125,271.0,0.0,0.0,0,1,3,288
1477811841,11954_76394138_2439_288_1,2439_288,345906,17:30:00,20161030,-33.777679443359375,151.10850524902344,238.0,0.0,0.0,0,1,1,288
1477811860,11954_76458186_2441_353_1,2441_353,124860,18:04:00,20161030,-33.89258575439453,151.24972534179688,182.0,5.0,18.0,0,1,1,353
1477811861,11954_76361275_2439_295_1,2439_295,329247,18:08:00,20161030,-33.75730514526367,151.0966339111328,125.0,13.300000190734863,47.88000068664551,0,0,1,295
1477811850,11954_76502698_2441_360_1,2441_360,256665,18:10:00,20161030,-33.912288665771484,151.26348876953125,190.0,8.899999618530273,32.039998626708986,0,4,1,360
1477811667,11954_76362411_2439_507_1,2439_507,262698,17:24:00,20161030,-33.86265563964844,151.21200561523438,8.0,0.0,0.0,0,0,1,507
1477811864,11954_76393819_2439_202_1,2439_202,262453,18:20:00,20161030,-33.863914489746094,151.21022033691406,7.0,0.0,0.0,0,4,2,202
1477811861,11954_81283561_2441_M50_1,2441_M50,308278,17:16:00,20161030,-33.86128234863281,151.16513061523438,299.0,10.800000190734863,38.88000068664551,0,1,1,M50
1477811860,11954_81283600_2441_M50_1,2441_M50,308362,17:55:00,20161030,-33.876556396484375,151.20950317382812,181.0,0.0,0.0,0,1,1,M50
1477811862,11954_142750547_2441_M50_1,2441_M50,308455,17:15:00,20161030,-33.923118591308594,151.25344848632812,133.0,8.100000381469727,29.160001373291017,0,1,1,M50
1477811863,11954_142750550_2441_M50_1,2441_M50,308037,17:56:00,20161030,-33.90152359008789,151.2225341796875,346.0,8.100000381469727,29.160001373291017,0,1,2,M50
1477811859,11954_142750549_2441_M50_1,2441_M50,308361,17:35:00,20161030,-33.89139938354492,151.21185302734375,100.0,9.0,32.4,0,4,1,M50
1477811858,11954_76244952_2440_144_1,2440_144,341296,18:13:00,20161030,-33.798439025878906,151.28433227539062,109.0,0.10000000149011612,0.36000000536441806,0,1,1,144
1477811854,11954_76244718_2440_144_1,2440_144,341439,17:43:00,20161030,-33.82909393310547,151.20965576171875,282.0,9.699999809265137,34.919999313354495,0,0,2,144
1477811856,11954_76244856_2440_144_1,2440_144,341240,17:52:00,20161030,-33.83147048950195,151.2222137451172,113.0,0.0,0.0,0,1,1,144
1477811850,11954_76245045_2440_L85_1,2440_L85,346058,17:47:00,20161030,-33.7678108215332,151.26820373535156,33.0,8.699999809265137,31.319999313354494,0,0,1,L85
1477811850,38743_4146216_2435_T80_1,2435_T80,355810,17:50:00,20161030,-33.85147476196289,150.89622497558594,170.0,0.0,0.0,0,1,1,T80
1477811853,38743_4146213_2435_T80_1,2435_T80,355809,17:30:00,20161030,-33.92300033569336,150.91322326660156,21.0,0.0,0.0,0,1,1,T80
1477811863,38743_4146055_2435_T80_1,2435_T80,356430,18:10:00,20161030,-33.92648696899414,150.89959716796875,273.0,16.600000381469727,59.76000137329102,0,1,1,T80
1477811859,38743_4146052_2435_T80_1,2435_T80,356429,17:50:00,20161030,-33.8614616394043,150.8966522216797,5.0,17.799999237060547,64.07999725341797,0,4,1,T80
1477811862,38743_4146049_2435_T80_1,2435_T80,356428,17:30:00,20161030,-33.816471099853516,150.9730224609375,75.0,0.0,0.0,0,1,1,T80
1477811852,33556_11421545_2448_183_1,2448_183,334511,17:40:00,20161030,-32.73159408569336,151.5535125732422,13.0,7.300000190734863,26.280000686645508,0,1,1,183
1477811836,11954_142750030_2441_339_1,2441_339,304295,17:51:00,20161030,-33.88505554199219,151.21360778808594,281.0,11.600000381469727,41.76000137329102,0,4,1,339
1477811853,11954_76457804_2441_399_1,2441_399,308450,17:48:00,20161030,-33.93318176269531,151.23764038085938,171.0,7.199999809265137,25.91999931335449,0,1,1,399
1477811855,11954_76457803_2441_399_1,2441_399,308063,17:18:00,20161030,-33.97354507446289,151.2444305419922,278.0,8.300000190734863,29.88000068664551,0,4,1,399
1477811856,11954_76457928_2441_399_1,2441_399,308049,17:53:00,20161030,-33.91322326660156,151.22479248046875,317.0,10.5,37.800000000000004,0,1,2,399
1477811862,33553_11418004_2436_607X_1,2436_607X,301259,17:40:00,20161030,-33.772605895996094,150.97181701660156,286.0,9.300000190734863,33.48000068664551,0,0,1,607X
1477811860,33553_11417492_2436_607X_1,2436_607X,299629,17:51:00,20161030,-33.76848220825195,150.96583557128906,153.0,20.399999618530273,73.43999862670898,0,1,1,607X
1477811854,33553_11418005_2436_607X_1,2436_607X,301261,18:10:00,20161030,-33.84854507446289,151.2128143310547,10.0,18.0,64.8,0,1,1,607X
1477811857,33553_11417576_2436_607X_1,2436_607X,301260,17:55:00,20161030,-33.75909423828125,151.0457000732422,263.0,23.100000381469727,83.16000137329102,0,1,2,607X
1477811863,23537_139778_2442_987_1,2442_987,291701,18:20:00,20161030,-34.05595779418945,151.15170288085938,28.0,0.0,0.0,0,0,2,987
1477811850,8896_89461200782_2433_775_1,2433_775,227537,17:31:00,20161030,-33.75611877441406,150.6947784423828,314.0,8.699999809265137,31.319999313354494,0,1,1,775
1477811858,23537_140233_2442_947_1,2442_947,169202,18:20:00,20161030,-33.961273193359375,151.1376953125,107.0,5.300000190734863,19.08000068664551,0,0,1,947
1477811857,9212_91047_2446_882_1,2446_882,298637,18:03:00,20161030,-34.06507873535156,150.82623291015625,238.0,12.199999809265137,43.919999313354495,0,4,1,882
1477811849,11954_76362261_2439_515_1,2439_515,328876,17:46:00,20161030,-33.85436248779297,151.1576690673828,142.0,10.800000190734863,38.88000068664551,0,1,1,515
1477811864,11954_76362405_2439_515_1,2439_515,329250,17:23:00,20161030,-33.79025650024414,151.08155822753906,4.0,6.199999809265137,22.319999313354494,0,0,1,515
1477811858,8896_89452670739_2433_T72_1,2433_T72,23671,18:09:00,20161030,-33.73244857788086,150.89337158203125,99.0,14.399999618530273,51.83999862670898,0,1,1,T72
1477811846,8896_89452660739_2433_T72_1,2433_T72,20843,18:09:00,20161030,-33.74788284301758,150.9165496826172,8.0,0.0,0.0,0,1,2,T72
1477811857,23537_140057_2442_455_1,2442_455,280436,18:20:00,20161030,-33.94055938720703,151.1012725830078,358.0,0.0,0.0,0,0,2,455
1477811855,11954_77510924_2438_526_1,2438_526,329422,18:01:00,20161030,-33.83818435668945,151.05538940429688,196.0,13.0,46.800000000000004,0,1,1,526
1477811858,11954_77502336_2438_526_1,2438_526,339169,17:59:00,20161030,-33.853248596191406,151.06752014160156,236.0,18.5,66.60000000000001,0,0,1,526
1477811857,38743_4145746_2435_815_1,2435_815,354809,17:54:00,20161030,-33.89582443237305,150.9331817626953,90.0,6.199999809265137,22.319999313354494,0,1,1,815
1477811856,9212_282072_2446_879_1,2446_879,31545,18:01:00,20161030,-34.0555419921875,150.81051635742188,65.0,8.0,28.8,0,1,1,879
1477811866,11954_161211656_2440_178_1,2440_178,345785,17:42:00,20161030,-33.7828369140625,151.2675323486328,12.0,7.599999904632568,27.359999656677246,0,0,1,178
1477811861,11954_76244691_2440_178_1,2440_178,345878,17:57:00,20161030,-33.8238410949707,151.24185180664062,52.0,10.5,37.800000000000004,0,0,1,178
1477811862,11954_76244659_2440_178_1,2440_178,341382,17:39:00,20161030,-33.79596710205078,151.25363159179688,251.0,8.899999618530273,32.039998626708986,0,0,1,178
1477811863,11954_780480_2438_415_1,2438_415,329565,17:25:00,20161030,-33.922607421875,151.0941162109375,60.0,6.800000190734863,24.480000686645507,0,4,1,415
1477811851,11954_76362520_2439_458_1,2439_458,339291,17:39:00,20161030,-33.825439453125,151.09056091308594,104.0,8.899999618530273,32.039998626708986,0,1,1,458
1477811848,11954_76362534_2439_458_1,2439_458,328660,17:52:00,20161030,-33.86591720581055,151.09388732910156,198.0,0.0,0.0,0,1,1,458
1477811818,34456_235036_2456_37_1,2456_37,293447,18:17:00,20161030,-34.42565155029297,150.9040985107422,345.0,0.0,0.0,0,0,1,37
1477811856,11954_78908179_2439_520_1,2439_520,287560,18:15:00,20161030,-33.81904602050781,151.1159210205078,122.0,12.100000381469727,43.560001373291016,0,1,1,520
1477811845,11954_78908170_2439_520_1,2439_520,285918,17:45:00,20161030,-33.87278366088867,151.20626831054688,93.0,0.800000011920929,2.8800000429153445,0,1,1,520
1477811822,11954_76538133_2438_412_1,2438_412,263179,18:20:00,20161030,-33.86573028564453,151.210205078125,217.0,0.0,0.0,0,0,1,412
1477811857,11954_76538131_2438_412_1,2438_412,261717,17:20:00,20161030,-33.93207550048828,151.1132354736328,234.0,15.300000190734863,55.08000068664551,0,0,1,412
1477811862,17740_7794301_2451_320_1,2451_320,266615,18:00:00,20161030,-32.98622512817383,151.67266845703125,277.0,13.199999809265137,47.5199993133545,0,1,1,320
1477811849,11954_73459462_2438_462_1,2438_462,345987,18:19:00,20161030,-33.85094451904297,151.10842895507812,345.0,10.0,36.0,0,0,1,462
1477811862,11954_73459408_2438_462_1,2438_462,345901,18:26:00,20161030,-33.88802719116211,151.12631225585938,115.0,0.0,0.0,0,4,2,462
1477811855,11954_76250880_2440_246_1,2440_246,124314,18:09:00,20161030,-33.82928466796875,151.21551513671875,50.0,9.300000190734863,33.48000068664551,0,1,1,246
1477811846,11954_76244741_2440_136_1,2440_136,341523,18:10:00,20161030,-33.78190231323242,151.28302001953125,300.0,5.900000095367432,21.240000343322755,0,0,1,136
1477811853,11954_76244740_2440_136_1,2440_136,341267,17:30:00,20161030,-33.75320816040039,151.29171752929688,98.0,0.0,0.0,0,4,1,136
1477811861,11954_76244729_2440_136_1,2440_136,341522,17:42:00,20161030,-33.7522087097168,151.2612762451172,190.0,3.0999999046325684,11.159999656677247,0,1,1,136
1477811860,11954_76244850_2440_136_1,2440_136,341488,18:45:00,20161030,-33.79616165161133,151.18084716796875,179.0,0.4000000059604645,1.4400000214576723,0,0,1,136
1477811860,11954_76244848_2440_136_1,2440_136,341487,18:00:00,20161030,-33.76078796386719,151.20803833007812,39.0,11.800000190734863,42.48000068664551,0,1,1,136
1477811850,38743_4145745_2435_816_1,2435_816,356367,17:52:00,20161030,-33.88230895996094,150.8900604248047,311.0,9.100000381469727,32.76000137329102,0,1,1,816
1477811857,11954_81855841_2438_M41_1,2438_M41,339932,17:09:00,20161030,-33.8363037109375,151.09292602539062,236.0,11.600000381469727,41.76000137329102,0,1,1,M41
1477811853,11954_81855840_2438_M41_1,2438_M41,339405,16:49:00,20161030,-33.77757263183594,151.1182861328125,311.0,0.0,0.0,0,1,1,M41
1477811860,11954_81855843_2438_M41_1,2438_M41,339125,17:49:00,20161030,-33.89769744873047,151.0995635986328,10.0,0.0,0.0,0,1,1,M41
1477811848,11954_81855842_2438_M41_1,2438_M41,339036,17:29:00,20161030,-33.85615921020508,151.1031951904297,349.0,0.800000011920929,2.8800000429153445,0,1,1,M41
1477811859,11954_81855844_2438_M41_1,2438_M41,339030,18:09:00,20161030,-33.9633903503418,151.10313415527344,342.0,5.0,18.0,0,1,1,M41
1477811853,11954_81855799_2438_M41_1,2438_M41,333330,17:14:00,20161030,-33.92310333251953,151.1075439453125,155.0,12.300000190734863,44.28000068664551,0,0,1,M41
1477811836,11954_81855798_2438_M41_1,2438_M41,333329,16:54:00,20161030,-33.957237243652344,151.10855102539062,142.0,11.600000381469727,41.76000137329102,0,1,1,M41
1477811864,11954_81855801_2438_M41_1,2438_M41,333477,17:54:00,20161030,-33.837615966796875,151.09104919433594,48.0,13.199999809265137,47.5199993133545,0,1,1,M41
1477811858,11954_81855800_2438_M41_1,2438_M41,333383,17:34:00,20161030,-33.86634063720703,151.10597229003906,186.0,11.800000190734863,42.48000068664551,0,1,1,M41
1477811850,11954_81855802_2438_M41_1,2438_M41,333373,18:14:00,20161030,-33.77467346191406,151.1205291748047,130.0,0.10000000149011612,0.36000000536441806,0,1,1,M41
1477811854,11954_146093217_2441_361_1,2441_361,113521,18:47:00,20161030,-33.898460388183594,151.2728271484375,168.0,4.599999904632568,16.559999656677245,0,1,1,361
1477811856,11954_146093215_2441_361_1,2441_361,113519,18:17:00,20161030,-33.9007568359375,151.27001953125,170.0,9.899999618530273,35.63999862670899,0,1,1,361
1477811854,11954_146093215_2441_361_2,2441_361,113519_2,18:17:00,20161030,-33.898460388183594,151.2728271484375,168.0,4.599999904632568,16.559999656677245,1,1,1,361
1477811856,11954_76457500_2441_301_1,2441_301,279848,17:10:00,20161030,-33.93947219848633,151.21456909179688,141.0,12.5,45.0,0,1,1,301
1477811860,8284_3891644_2437_450_1,2437_450,322401,18:18:00,20161030,-33.87184524536133,151.093505859375,145.0,0.0,0.0,0,1,2,450
1477811830,17740_7794325_2451_322_1,2451_322,313835,18:28:00,20161030,-32.926109313964844,151.7843475341797,260.0,0.0,0.0,0,1,1,322
1477811856,17740_7794335_2451_322_1,2451_322,313642,17:14:00,20161030,-32.92335891723633,151.74383544921875,105.0,0.0,0.0,0,1,1,322
1477811861,17740_7794333_2451_322_1,2451_322,313538,18:16:00,20161030,-33.038822174072266,151.6609344482422,222.0,4.900000095367432,17.640000343322754,0,4,1,322
1477811838,17740_7794339_2451_322_1,2451_322,313838,17:25:00,20161030,-33.00856018066406,151.71502685546875,227.0,14.5,52.2,0,1,2,322
1477811851,3936_133487_2453_26_1,2453_26,312051,18:05:00,20161030,-33.37272644042969,151.4745330810547,83.0,1.399999976158142,5.039999914169312,0,1,1,26
1477811860,33556_11421562_2448_182_1,2448_182,334302,17:36:00,20161030,-32.77395248413086,151.60182189941406,104.0,11.600000381469727,41.76000137329102,0,0,2,182
1477811861,11954_76503045_2441_355_1,2441_355,328786,18:03:00,20161030,-33.89677429199219,151.20382690429688,155.0,3.5,12.6,0,1,1,355
1477811858,11954_76503044_2441_355_1,2441_355,329367,17:33:00,20161030,-33.89143371582031,151.24615478515625,109.0,12.5,45.0,0,4,1,355
1477811855,11954_76503067_2441_355_1,2441_355,332618,18:10:00,20161030,-33.89646530151367,151.22740173339844,216.0,0.0,0.0,0,4,1,355
1477811862,11954_76362270_2439_518_1,2439_518,285829,18:11:00,20161030,-33.7801513671875,151.11526489257812,206.0,5.599999904632568,20.159999656677247,0,1,2,518
1477811860,11954_76362403_2439_518_1,2439_518,282639,17:53:00,20161030,-33.85537338256836,151.15850830078125,322.0,0.0,0.0,0,4,2,518
1477811863,11954_155596570_2441_348_1,2441_348,345766,17:40:00,20161030,-33.90840148925781,151.24717712402344,79.0,0.0,0.0,0,1,1,348
1477811862,11954_155596587_2441_348_1,2441_348,274560,17:56:00,20161030,-33.90953826904297,151.2194366455078,281.0,6.199999809265137,22.319999313354494,0,1,2,348
1477811862,11954_155596599_2441_348_1,2441_348,345764,16:40:00,20161030,-33.90953826904297,151.2194366455078,281.0,6.199999809265137,22.319999313354494,0,1,2,348
1477811859,11954_73459520_2438_407_1,2438_407,328630,18:15:00,20161030,-33.87137222290039,151.09202575683594,326.0,2.200000047683716,7.9200001716613775,0,1,1,407
1477811860,11954_76247229_2440_L90_1,2440_L90,341139,17:42:00,20161030,-33.70212936401367,151.2984619140625,212.0,11.899999618530273,42.83999862670898,0,1,1,L90
1477811863,11954_76247218_2440_L90_1,2440_L90,341227,17:09:00,20161030,-33.80464553833008,151.2462158203125,168.0,15.600000381469727,56.16000137329102,0,1,2,L90
1477811855,11954_76247366_2440_L90_1,2440_L90,341339,17:53:00,20161030,-33.79154586791992,151.25457763671875,36.0,20.0,72.0,0,1,2,L90
1477811860,11954_76247365_2440_L90_1,2440_L90,341554,17:23:00,20161030,-33.67644119262695,151.30813598632812,75.0,11.5,41.4,0,4,1,L90
1477811861,11954_76247263_2440_L90_1,2440_L90,341338,17:38:00,20161030,-33.713871002197266,151.29718017578125,358.0,8.699999809265137,31.319999313354494,0,1,1,L90
1477811861,11954_131014310_2440_L90_1,2440_L90,341563,18:02:00,20161030,-33.64854049682617,151.3264923095703,242.0,13.0,46.800000000000004,0,1,1,L90
1477811849,11954_131014308_2440_L90_1,2440_L90,341440,17:24:00,20161030,-33.752967834472656,151.2864227294922,229.0,0.0,0.0,0,1,1,L90
1477811853,11954_76247286_2440_L90_1,2440_L90,341478,16:53:00,20161030,-33.59708023071289,151.32357788085938,254.0,7.800000190734863,28.08000068664551,0,0,1,L90
1477811853,11954_131014321_2440_L90_1,2440_L90,341340,18:08:00,20161030,-33.829776763916016,151.21315002441406,4.0,0.0,0.0,0,1,2,L90
1477811846,11954_131014320_2440_L90_1,2440_L90,341266,17:08:00,20161030,-33.643646240234375,151.32681274414062,64.0,14.699999809265137,52.919999313354495,0,1,1,L90
1477811863,11954_76555524_2438_470_1,2438_470,86692,17:55:00,20161030,-33.88017272949219,151.20751953125,103.0,7.099999904632568,25.559999656677245,0,1,2,470
1477811862,11954_76555764_2438_470_1,2438_470,261567,18:10:00,20161030,-33.877994537353516,151.20864868164062,186.0,0.0,0.0,0,1,2,470
1477811859,11954_76457648_2441_302_1,2441_302,279777,17:55:00,20161030,-33.89701461791992,151.21273803710938,100.0,0.0,0.0,0,1,2,302
1477811854,33553_11415279_2436_621_1,2436_621,317362,17:15:00,20161030,-33.79418182373047,151.13442993164062,131.0,0.0,0.0,0,1,1,621
1477811858,33553_11415291_2436_621_1,2436_621,331687,17:47:00,20161030,-33.7631950378418,151.07955932617188,288.0,27.200000762939453,97.92000274658203,0,1,2,621
1477811862,33553_11415280_2436_621_1,2436_621,317449,18:15:00,20161030,-33.73167037963867,151.01339721679688,110.0,13.5,48.6,0,1,1,621
1477811862,34456_271823_2456_43_1,2456_43,239704,17:55:00,20161030,-34.47903060913086,150.85183715820312,273.0,11.899999618530273,42.83999862670898,0,1,1,43
1477811862,23537_139599_2442_452_1,2442_452,313434,18:10:00,20161030,-33.94856262207031,151.1280517578125,324.0,1.7999999523162842,6.479999828338623,0,0,1,452
1477811862,23537_139600_2442_452_1,2442_452,289749,18:40:00,20161030,-33.94856262207031,151.1280517578125,324.0,1.7999999523162842,6.479999828338623,0,0,1,452
1477811861,12534_82082800762_2452_50_1,2452_50,153764,17:52:00,20161030,-33.50409698486328,151.31983947753906,10.0,7.900000095367432,28.440000343322755,0,0,1,50
1477811859,23537_139536_2444_M90_1,2444_M90,323381,17:00:00,20161030,-33.922698974609375,150.925048828125,280.0,0.0,0.0,0,0,1,M90
1477811864,23537_139702_2444_M90_1,2444_M90,323382,17:20:00,20161030,-33.935550689697266,150.99449157714844,181.0,10.399999618530273,37.439998626708984,0,0,1,M90
1477811853,23537_140116_2444_M90_1,2444_M90,323384,18:00:00,20161030,-33.8720703125,151.09376525878906,139.0,0.0,0.0,0,1,1,M90
1477811854,23537_140138_2444_M90_1,2444_M90,323383,17:40:00,20161030,-33.91439437866211,151.03440856933594,201.0,0.0,0.0,0,1,1,M90
1477811853,23537_139884_2444_M90_1,2444_M90,264861,18:00:00,20161030,-33.92872619628906,150.9610137939453,88.0,10.0,36.0,0,4,1,M90
1477811853,12534_82083240762_2452_53_1,2452_53,153197,18:10:00,20161030,-33.50541687011719,151.32806396484375,188.0,0.10000000149011612,0.36000000536441806,0,0,1,53
1477811864,38743_4145789_2435_817_1,2435_817,354986,18:25:00,20161030,-33.89606475830078,150.93821716308594,8.0,0.0,0.0,0,0,2,817
1477811853,38743_4145787_2435_817_1,2435_817,354985,17:55:00,20161030,-33.88568115234375,150.89480590820312,308.0,0.0,0.0,0,1,1,817
1477811861,38743_4145786_2435_817_1,2435_817,354983,17:25:00,20161030,-33.86589050292969,150.94374084472656,100.0,10.800000190734863,38.88000068664551,0,1,1,817
1477811854,38743_4145893_2435_817_1,2435_817,355685,18:17:00,20161030,-33.87200164794922,150.9571990966797,305.0,0.0,0.0,0,1,2,817
1477811862,3936_198916_2453_23_1,2453_23,312768,17:25:00,20161030,-33.36289596557617,151.48870849609375,100.0,7.599999904632568,27.359999656677246,0,0,1,23
1477811862,3936_199402_2453_23_1,2453_23,312769,18:25:00,20161030,-33.42327117919922,151.34202575683594,348.0,0.0,0.0,0,0,2,23
1477811862,3936_99311_2453_23_1,2453_23,312724,17:56:00,20161030,-33.37268829345703,151.4740753173828,98.0,9.699999809265137,34.919999313354495,0,1,1,23
1477811867,30061_858888_2443_575_1,2443_575,180191,17:00:00,20161030,-33.77591323852539,151.1199951171875,207.0,0.0,0.0,0,1,1,575
1477811862,30061_858891_2443_575_1,2443_575,180192,18:00:00,20161030,-33.7064323425293,151.1127471923828,183.0,5.800000190734863,20.88000068664551,0,1,1,575
1477811867,30061_858885_2443_575_1,2443_575,181756,17:45:00,20161030,-33.77591323852539,151.1199951171875,207.0,0.0,0.0,0,1,1,575
1477811862,30061_858883_2443_575_1,2443_575,181757,18:45:00,20161030,-33.7064323425293,151.1127471923828,183.0,5.800000190734863,20.88000068664551,0,1,1,575
1477811863,11954_76457606_2441_310_1,2441_310,89734,17:52:00,20161030,-33.91743087768555,151.1999053955078,198.0,7.5,27.0,0,1,2,310
1477811863,38743_4146215_2435_804_1,2435_804,355346,17:43:00,20161030,-33.8719596862793,150.9569091796875,232.0,7.199999809265137,25.91999931335449,0,0,1,804
1477811857,38743_4146210_2435_804_1,2435_804,356552,17:13:00,20161030,-33.89259338378906,150.8684539794922,188.0,12.699999809265137,45.71999931335449,0,0,1,804
1477811860,38743_4146051_2435_804_1,2435_804,355656,17:50:00,20161030,-33.90906524658203,150.8615264892578,45.0,3.9000000953674316,14.040000343322754,0,0,1,804
1477811849,38743_4146041_2435_804_1,2435_804,355655,16:50:00,20161030,-33.8342170715332,150.99203491210938,14.0,7.599999904632568,27.359999656677246,0,1,1,804
1477811622,12534_82004020763_2452_79_1,2452_79,225454,17:35:00,20161030,-33.237789154052734,151.49224853515625,347.0,7.400000095367432,26.640000343322754,0,1,1,79
1477811861,12534_82004110763_2452_79_1,2452_79,225678,18:14:00,20161030,-33.238319396972656,151.49697875976562,281.0,13.899999618530273,50.039998626708986,0,1,1,79
1477811860,17740_7794105_2451_100_1,2451_100,266557,17:26:00,20161030,-32.926143646240234,151.77935791015625,91.0,0.0,0.0,0,4,1,100
1477811859,17740_7794083_2451_100_1,2451_100,265822,18:08:00,20161030,-32.92559814453125,151.75973510742188,298.0,7.5,27.0,0,1,1,100
1477811856,17740_7794069_2451_100_1,2451_100,266598,17:37:00,20161030,-32.910682678222656,151.70521545410156,190.0,0.0,0.0,0,1,1,100
1477811850,11954_76362463_2439_524_1,2439_524,260568,17:51:00,20161030,-33.81631851196289,151.07691955566406,77.0,4.699999809265137,16.91999931335449,0,0,1,524
1477811816,10291_87569_2434_852_1,2434_852,322253,18:07:00,20161030,-33.95124816894531,150.85643005371094,8.0,7.800000190734863,28.08000068664551,0,4,1,852
1477811857,10291_221299_2434_852_1,2434_852,321317,18:30:00,20161030,-33.92950439453125,150.85679626464844,94.0,9.100000381469727,32.76000137329102,0,0,1,852
1477811861,34456_291845_2456_53_1,2456_53,306644,17:40:00,20161030,-34.56882858276367,150.8613739013672,155.0,15.600000381469727,56.16000137329102,0,0,1,53
1477811855,34456_125398_2456_53_1,2456_53,228247,17:52:00,20161030,-34.59343719482422,150.8555450439453,37.0,11.800000190734863,42.48000068664551,0,0,1,53
1477811857,11954_142080210_2441_328_1,2441_328,337874,18:04:00,20161030,-33.86888885498047,151.23849487304688,91.0,10.5,37.800000000000004,0,4,1,328
1477811848,11954_142750251_2441_376_1,2441_376,287250,18:11:00,20161030,-33.88361358642578,151.2148895263672,102.0,10.899999618530273,39.23999862670899,0,1,1,376
1477811863,8896_89449390739_2433_752_1,2433_752,24798,18:05:00,20161030,-33.723785400390625,150.89501953125,239.0,5.400000095367432,19.440000343322755,0,1,1,752
1477811865,11954_75809071_2438_406_1,2438_406,339616,18:06:00,20161030,-33.887603759765625,151.12820434570312,206.0,0.0,0.0,0,4,1,406
1477811859,23537_140198_2442_924_1,2442_924,166895,18:13:00,20161030,-33.954219818115234,151.00086975097656,82.0,13.0,46.800000000000004,0,0,1,924
1477811860,11954_75210988_2438_433_1,2438_433,151163,17:55:00,20161030,-33.8640022277832,151.17025756835938,312.0,0.0,0.0,0,1,1,433
1477811857,11954_75211329_2438_433_1,2438_433,149944,18:15:00,20161030,-33.884185791015625,151.20181274414062,251.0,10.300000190734863,37.08000068664551,0,1,1,433
1477811862,11954_75211143_2438_433_1,2438_433,110259,18:05:00,20161030,-33.87071990966797,151.17381286621094,235.0,11.199999809265137,40.319999313354494,0,1,1,433
1477811860,8896_89451440782_2433_759_1,2433_759,23634,18:02:00,20161030,-33.72503662109375,150.7879638671875,44.0,1.899999976158142,6.8399999141693115,0,0,1,759
1477811866,8284_3891714_2437_943_1,2437_943,322951,17:59:00,20161030,-33.96837615966797,151.05105590820312,216.0,0.0,0.0,0,1,1,943
1477811849,11954_78814494_2439_M52_1,2439_M52,131555,18:01:00,20161030,-33.872859954833984,151.19398498535156,329.0,17.600000381469727,63.36000137329102,0,1,2,M52
1477811854,11954_78814495_2439_M52_1,2439_M52,131350,18:21:00,20161030,-33.86211013793945,151.2120819091797,6.0,0.0,0.0,0,1,1,M52
1477811858,11954_76362551_2439_M52_1,2439_M52,131553,17:21:00,20161030,-33.807106018066406,151.07081604003906,249.0,0.0,0.0,0,1,1,M52
1477811858,11954_78814473_2439_M52_1,2439_M52,89151,17:21:00,20161030,-33.8648567199707,151.1717987060547,131.0,10.300000190734863,37.08000068664551,0,1,2,M52
1477811861,11954_78814451_2439_M52_1,2439_M52,131554,17:41:00,20161030,-33.820064544677734,151.1177978515625,297.0,12.300000190734863,44.28000068664551,0,1,2,M52
1477811858,11954_76362560_2439_M52_1,2439_M52,85906,18:01:00,20161030,-33.80804443359375,151.06781005859375,64.0,10.199999809265137,36.71999931335449,0,0,1,M52
1477811835,11954_76362206_2439_M52_1,2439_M52,88011,17:41:00,20161030,-33.81577682495117,151.10914611816406,0.0,0.0,0.0,0,1,1,M52
1477811861,33556_11423494_2450_270_1,2450_270,292906,17:31:00,20161030,-33.012908935546875,151.58981323242188,279.0,2.799999952316284,10.079999828338623,0,0,1,270
1477811857,33553_11417470_2436_T65_1,2436_T65,302003,18:15:00,20161030,-33.69951629638672,150.9289093017578,162.0,0.0,0.0,0,1,1,T65
1477811859,11954_76457799_2441_397_1,2441_397,308498,17:38:00,20161030,-33.939247131347656,151.23904418945312,162.0,0.0,0.0,0,4,1,397
1477811862,11954_76457920_2441_397_1,2441_397,308282,18:11:00,20161030,-33.94803237915039,151.2494659423828,102.0,0.800000011920929,2.8800000429153445,0,1,1,397
1477811848,11954_76457836_2441_397_1,2441_397,307903,18:08:00,20161030,-33.87834167480469,151.21408081054688,134.0,2.5999999046325684,9.359999656677246,0,1,2,397
1477811859,23537_140240_2442_993_1,2442_993,291697,18:08:00,20161030,-34.0457649230957,151.0163116455078,24.0,10.600000381469727,38.16000137329102,0,0,1,993
1477811860,9212_188831_2446_895_1,2446_895,297989,17:21:00,20161030,-34.05854034423828,150.71624755859375,143.0,10.5,37.800000000000004,0,1,1,895
1477811854,11954_76537792_2438_478_1,2438_478,337960,18:07:00,20161030,-33.960819244384766,151.156005859375,118.0,0.0,0.0,0,1,1,478
1477811863,38743_4146106_2435_810_1,2435_810,355675,17:38:00,20161030,-33.81895446777344,150.93919372558594,89.0,13.199999809265137,47.5199993133545,0,1,1,810
1477811853,38743_4146221_2435_810_1,2435_810,355964,18:28:00,20161030,-33.818260192871094,151.00894165039062,351.0,0.0,0.0,0,0,1,810
1477811848,38743_4146218_2435_810_1,2435_810,355009,17:58:00,20161030,-33.817527770996094,150.96282958984375,260.0,0.0,0.0,0,1,1,810
1477811860,38743_4146212_2435_810_1,2435_810,355008,17:28:00,20161030,-33.8378791809082,150.96546936035156,69.0,9.399999618530273,33.83999862670898,0,1,1,810
1477811858,11954_80324613_2439_M54_1,2439_M54,345801,17:53:00,20161030,-33.77721405029297,151.0650634765625,260.0,5.699999809265137,20.519999313354493,0,4,2,M54
1477811851,11954_80324612_2439_M54_1,2439_M54,345697,17:33:00,20161030,-33.798988342285156,151.0099639892578,217.0,0.0,0.0,0,4,1,M54
1477811861,11954_80324632_2439_M54_1,2439_M54,283857,18:06:00,20161030,-33.80867004394531,151.00570678710938,278.0,0.10000000149011612,0.36000000536441806,0,1,2,M54
1477811861,11954_80324631_2439_M54_1,2439_M54,283856,17:46:00,20161030,-33.77391815185547,151.0827178955078,80.0,2.9000000953674316,10.440000343322755,0,1,1,M54
1477811863,11954_80324640_2439_M54_1,2439_M54,345964,18:13:00,20161030,-33.77662658691406,151.119140625,220.0,0.0,0.0,0,1,1,M54
1477811855,34456_205163_2456_34_1,2456_34,347832,18:33:00,20161030,-34.43450927734375,150.8625946044922,44.0,0.0,0.0,0,4,1,34
1477811862,11954_76394031_2439_291_1,2439_291,345891,17:48:00,20161030,-33.79417037963867,151.1339874267578,312.0,13.600000381469727,48.960001373291014,0,2,1,291
1477811853,33553_11417676_2436_T62_1,2436_T62,323790,17:50:00,20161030,-33.743324279785156,150.96372985839844,268.0,7.400000095367432,26.640000343322754,0,0,1,T62
1477811859,33553_11417631_2436_T62_1,2436_T62,299265,17:47:00,20161030,-33.785377502441406,150.97134399414062,135.0,17.799999237060547,64.07999725341797,0,1,1,T62
1477811863,8896_89450550739_2433_756_1,2433_756,22243,18:05:00,20161030,-33.74420928955078,150.83480834960938,9.0,0.0,0.0,0,1,1,756
1477811856,11954_142750663_2441_317_1,2441_317,63139,17:44:00,20161030,-33.91204833984375,151.2427215576172,31.0,12.899999618530273,46.439998626708984,0,1,1,317
1477811847,11954_76502886_2441_317_1,2441_317,261538,17:36:00,20161030,-33.95355987548828,151.2383270263672,240.0,12.300000190734863,44.28000068664551,0,1,1,317
1477811860,11954_76502772_2441_387_1,2441_387,125724,18:03:00,20161030,-33.88523864746094,151.26641845703125,122.0,13.0,46.800000000000004,0,1,2,387
1477811857,11954_76538426_2438_422_1,2438_422,338332,17:42:00,20161030,-33.904273986816406,151.1802520751953,334.0,0.30000001192092896,1.0800000429153442,0,1,1,422
1477811843,11954_77722360_2438_422_1,2438_422,264015,17:40:00,20161030,-33.8692626953125,151.21043395996094,7.0,8.100000381469727,29.160001373291017,0,1,1,422
1477811859,11954_76457857_2441_392_1,2441_392,307911,17:56:00,20161030,-33.901119232177734,151.22254943847656,171.0,2.5,9.0,0,1,2,392
1477811852,11954_76457876_2441_392_1,2441_392,308145,17:29:00,20161030,-33.873756408691406,151.20985412597656,6.0,0.0,0.0,0,1,1,392
1477811865,11954_76457899_2441_392_1,2441_392,308209,17:56:00,20161030,-33.926536560058594,151.22853088378906,346.0,12.600000381469727,45.36000137329102,0,2,1,392
1477811863,11954_76457789_2441_392_1,2441_392,307906,17:43:00,20161030,-33.94533920288086,151.22616577148438,187.0,0.0,0.0,0,1,2,392
1477811859,30061_858936_2443_596_1,2443_596,179761,18:24:00,20161030,-33.7036247253418,151.09803771972656,194.0,0.0,0.0,0,1,2,596
1477811853,9212_129669_2446_886_1,2446_886,298646,17:51:00,20161030,-34.07693862915039,150.79933166503906,19.0,10.600000381469727,38.16000137329102,0,1,1,886
1477811828,33556_11422166_2450_267_1,2450_267,279500,18:19:00,20161030,-32.89595413208008,151.60177612304688,280.0,0.0,0.0,0,0,1,267
1477811861,12534_82083330762_2452_55_1,2452_55,153207,18:20:00,20161030,-33.52162551879883,151.31971740722656,276.0,0.0,0.0,0,4,2,55
1477811863,8896_89451940739_2433_T70_1,2433_T70,281548,17:49:00,20161030,-33.732093811035156,150.9656219482422,43.0,10.800000190734863,38.88000068664551,0,1,1,T70
1477811859,23537_139402_2442_M92_1,2442_M92,305852,18:00:00,20161030,-33.84769821166992,151.0472869873047,121.0,7.900000095367432,28.440000343322755,0,2,1,M92
1477811852,23537_139566_2442_M92_1,2442_M92,306447,17:50:00,20161030,-33.93394088745117,151.02694702148438,6.0,0.0,0.0,0,1,1,M92
1477811850,23537_139444_2442_M92_1,2442_M92,305851,17:40:00,20161030,-33.914180755615234,151.03456115722656,202.0,0.0,0.0,0,1,1,M92
1477811854,23537_139837_2442_M92_1,2442_M92,305850,17:20:00,20161030,-33.983917236328125,151.0280303955078,205.0,19.5,70.2,0,1,1,M92
1477811858,23537_139713_2442_M92_1,2442_M92,306446,17:30:00,20161030,-33.88466262817383,151.0408935546875,98.0,11.199999809265137,40.319999313354494,0,1,1,M92
1477811858,23537_139612_2442_M92_1,2442_M92,306445,17:10:00,20161030,-33.84574508666992,151.0433807373047,304.0,14.199999809265137,51.11999931335449,0,1,1,M92
1477811852,23537_139894_2442_M92_1,2442_M92,306448,18:10:00,20161030,-34.017417907714844,151.0198516845703,263.0,9.399999618530273,33.83999862670898,0,1,1,M92
1477811854,8896_89447420739_2433_722_1,2433_722,22471,17:52:00,20161030,-33.78372573852539,150.9065704345703,52.0,4.099999904632568,14.759999656677246,0,0,1,722
1477811858,33556_11421506_2448_136_1,2448_136,342574,17:00:00,20161030,-32.75847625732422,151.74612426757812,34.0,7.699999809265137,27.719999313354492,0,1,1,136
1477811850,33556_11421571_2448_186_1,2448_186,297351,18:05:00,20161030,-32.7021598815918,151.53973388671875,240.0,11.5,41.4,0,0,1,186
1477811857,8896_89461440782_2433_776_1,2433_776,293954,17:57:00,20161030,-33.76863098144531,150.75985717773438,106.0,15.399999618530273,55.439998626708984,0,0,1,776
1477811852,8896_89461450782_2433_776_1,2433_776,227740,17:52:00,20161030,-33.78255081176758,150.77120971679688,14.0,13.199999809265137,47.5199993133545,0,1,1,776
1477811856,12534_82082470762_2452_34_1,2452_34,225562,16:24:00,20161030,-33.43368148803711,151.28616333007812,191.0,15.899999618530273,57.23999862670899,0,0,1,34
1477811856,12534_82083640762_2452_34_1,2452_34,225621,18:03:00,20161030,-33.43368148803711,151.28616333007812,191.0,15.899999618530273,57.23999862670899,0,0,1,34
1477811859,33553_11417760_2436_T60_1,2436_T60,331860,17:59:00,20161030,-33.765010833740234,150.97384643554688,193.0,13.399999618530273,48.23999862670899,0,4,1,T60
1477811854,20052_46858_2449_133_1,2449_133,160449,18:10:00,20161030,-32.72849655151367,152.1063995361328,153.0,6.099999904632568,21.959999656677248,0,0,1,133
1477811854,20052_71155_2449_133_1,2449_133,160221,18:35:00,20161030,-32.72849655151367,152.1063995361328,153.0,6.099999904632568,21.959999656677248,0,0,1,133
1477811861,33553_11417601_2436_611_1,2436_611,291313,18:06:00,20161030,-33.76340866088867,151.08004760742188,289.0,25.299999237060547,91.07999725341797,0,1,2,611
1477811854,23537_140092_2444_905_1,2444_905,305930,17:40:00,20161030,-33.87615966796875,150.97084045410156,248.0,5.400000095367432,19.440000343322755,0,1,1,905
1477811854,23537_140093_2444_905_1,2444_905,305766,18:30:00,20161030,-33.87615966796875,150.97084045410156,248.0,5.400000095367432,19.440000343322755,0,1,1,905
1477811858,11954_76361231_2439_534_1,2439_534,260808,18:05:00,20161030,-33.80514144897461,151.15933227539062,281.0,5.5,19.8,0,0,1,534
1477811856,11954_76244876_2440_169_1,2440_169,341033,18:23:00,20161030,-33.798404693603516,151.28428649902344,110.0,0.0,0.0,0,1,1,169
1477811850,11954_76244796_2440_169_1,2440_169,341605,18:00:00,20161030,-33.82428741455078,151.24114990234375,52.0,0.0,0.0,0,1,1,169
1477811810,23537_139958_2442_961_1,2442_961,330968,18:28:00,20161030,-34.03583526611328,151.10177612304688,7.0,0.0,0.0,0,0,2,961
1477811855,11954_140935872_2441_389_1,2441_389,261204,18:10:00,20161030,-33.88557052612305,151.27549743652344,273.0,6.199999809265137,22.319999313354494,0,3,1,389
1477811865,11954_140935887_2441_389_1,2441_389,291176,18:20:00,20161030,-33.869850158691406,151.1986083984375,136.0,0.0,0.0,0,1,2,389
1477811859,11954_140935868_2441_389_1,2441_389,291175,18:00:00,20161030,-33.8730354309082,151.20993041992188,187.0,0.0,0.0,0,4,1,389
1477811857,11954_140935866_2441_389_1,2441_389,291017,17:40:00,20161030,-33.89169692993164,151.24703979492188,103.0,0.0,0.0,0,4,1,389
1477811856,11954_140935865_2441_389_1,2441_389,291169,17:20:00,20161030,-33.88884735107422,151.27056884765625,33.0,0.0,0.0,0,4,3,389
1477811847,11954_140935828_2441_389_1,2441_389,263908,17:50:00,20161030,-33.8917236328125,151.24740600585938,239.0,3.0999999046325684,11.159999656677247,0,1,2,389
1477811853,11954_140935826_2441_389_1,2441_389,263340,17:10:00,20161030,-33.876705169677734,151.22042846679688,123.0,13.899999618530273,50.039998626708986,0,0,1,389
1477811862,11954_140935827_2441_389_1,2441_389,263553,17:30:00,20161030,-33.873046875,151.20770263671875,306.0,0.0,0.0,0,1,1,389
1477811861,11954_76457624_2441_309_1,2441_309,85716,18:07:00,20161030,-33.892478942871094,151.20101928710938,270.0,3.5999999046325684,12.959999656677246,0,1,1,309
1477811850,11954_76457623_2441_309_1,2441_309,86373,17:37:00,20161030,-33.95572280883789,151.22976684570312,75.0,0.0,0.0,0,1,1,309
1477811859,38743_4146047_2435_806_1,2435_806,356464,17:30:00,20161030,-33.852027893066406,150.89633178710938,359.0,0.0,0.0,0,1,1,806
1477811855,38743_4146219_2435_806_1,2435_806,356904,18:14:00,20161030,-33.819820404052734,150.99610900878906,191.0,0.0,0.0,0,1,2,806
1477811861,38743_4146211_2435_806_1,2435_806,356082,17:14:00,20161030,-33.8968505859375,150.88446044921875,139.0,4.699999809265137,16.91999931335449,0,0,1,806
1477811859,9212_247106_2446_887_1,2446_887,28848,17:35:00,20161030,-34.19792938232422,150.78848266601562,15.0,14.199999809265137,51.11999931335449,0,0,1,887
1477811854,33553_11418091_2436_610_1,2436_610,331712,18:00:00,20161030,-33.81372833251953,151.1840057373047,287.0,21.600000381469727,77.76000137329102,0,1,3,610
1477811841,33553_11418088_2436_610_1,2436_610,331696,17:00:00,20161030,-33.692222595214844,150.9395294189453,359.0,8.199999809265137,29.519999313354493,0,0,1,610
1477811857,33553_11418136_2436_610_1,2436_610,331749,17:08:00,20161030,-33.85466003417969,151.20925903320312,208.0,16.399999618530273,59.039998626708986,0,1,1,610
1477811703,10291_262449_2434_865_1,2434_865,321285,18:26:00,20161030,-33.93561553955078,150.8425750732422,279.0,9.0,32.4,0,0,1,865
1477811863,11954_75797819_2438_491_1,2438_491,339027,17:57:00,20161030,-33.89774703979492,151.12086486816406,158.0,0.0,0.0,0,0,1,491
1477811863,12534_82083440762_2452_66C_1,2452_66C,329687,17:00:00,20161030,-33.45127487182617,151.36126708984375,46.0,0.0,0.0,0,0,1,66C
1477811851,11954_161491853_2441_333_1,2441_333,341216,18:04:00,20161030,-33.89278793334961,151.25595092773438,278.0,0.0,0.0,0,1,3,333
1477811850,11954_76503513_2441_333_1,2441_333,117192,18:16:00,20161030,-33.89065170288086,151.27487182617188,223.0,10.300000190734863,37.08000068664551,0,3,1,333
1477811860,11954_76503542_2441_333_1,2441_333,262209,18:33:00,20161030,-33.862640380859375,151.21116638183594,7.0,0.0,0.0,0,0,1,333
1477811861,11954_76503541_2441_333_1,2441_333,263828,18:03:00,20161030,-33.88388442993164,151.2225799560547,114.0,8.899999618530273,32.039998626708986,0,1,1,333
1477811854,11954_76503540_2441_333_1,2441_333,263685,17:47:00,20161030,-33.89231491088867,151.2547149658203,136.0,7.699999809265137,27.719999313354492,0,1,2,333
1477811859,11954_76503678_2441_333_1,2441_333,263829,18:18:00,20161030,-33.86166763305664,151.21202087402344,98.0,0.0,0.0,0,1,2,333
1477811858,11954_142750347_2441_373_1,2441_373,287004,18:08:00,20161030,-33.871498107910156,151.2101287841797,186.0,0.0,0.0,0,1,1,373
1477811855,11954_142750132_2441_373_1,2441_373,304216,18:20:00,20161030,-33.91981506347656,151.2571258544922,188.0,0.0,0.0,0,0,1,373
1477811846,11954_142750182_2441_373_1,2441_373,287003,18:02:00,20161030,-33.88580322265625,151.21859741210938,157.0,10.300000190734863,37.08000068664551,0,1,1,373
1477811859,11954_142750460_2441_373_1,2441_373,302523,17:42:00,20161030,-33.864410400390625,151.21173095703125,7.0,8.800000190734863,31.68000068664551,0,0,1,373
1477811845,11954_142750461_2441_373_1,2441_373,302182,18:12:00,20161030,-33.92142868041992,151.2472381591797,319.0,6.0,21.6,0,1,1,373
1477811852,11954_142750240_2441_373_1,2441_373,287185,17:50:00,20161030,-33.913429260253906,151.23976135253906,159.0,0.0,0.0,0,4,2,373
1477811865,11954_142750285_2441_373_1,2441_373,304214,17:50:00,20161030,-33.87712478637695,151.21258544921875,311.0,1.5,5.4,0,1,1,373
1477811847,11954_142750071_2441_373_1,2441_373,304215,18:05:00,20161030,-33.911808013916016,151.2390594482422,7.0,8.300000190734863,29.88000068664551,0,1,1,373
1477811860,11954_89830903_2441_393_1,2441_393,307740,18:15:00,20161030,-33.88496017456055,151.20816040039062,177.0,2.5999999046325684,9.359999656677246,0,4,1,393
1477811862,11954_76458044_2441_393_1,2441_393,308525,18:00:00,20161030,-33.906246185302734,151.22393798828125,188.0,14.300000190734863,51.48000068664551,0,1,2,393
1477811857,11954_76458090_2441_393_1,2441_393,308505,17:53:00,20161030,-33.909183502197266,151.22329711914062,10.0,6.800000190734863,24.480000686645507,0,1,2,393
1477811861,12534_82083070762_2452_63_1,2452_63,329873,17:20:00,20161030,-33.468238830566406,151.3849334716797,105.0,12.800000190734863,46.08000068664551,0,1,1,63
1477811857,12534_82083010762_2452_63_1,2452_63,329768,18:20:00,20161030,-33.42298889160156,151.34226989746094,15.0,0.0,0.0,0,1,2,63
1477811844,23537_140151_2442_962_1,2442_962,306042,18:02:00,20161030,-33.95161437988281,151.03196716308594,173.0,0.0,0.0,0,3,1,962
1477811856,23537_140221_2442_962_1,2442_962,330902,17:35:00,20161030,-34.01097106933594,151.008544921875,7.0,7.099999904632568,25.559999656677245,0,0,1,962
1477811857,33553_11415359_2436_M61_1,2436_M61,235067,17:50:00,20161030,-33.76748275756836,151.00038146972656,261.0,18.799999237060547,67.67999725341797,0,1,2,M61
1477811862,33553_11415392_2436_M61_1,2436_M61,201225,17:50:00,20161030,-33.81194305419922,151.17774963378906,74.0,16.0,57.6,0,1,1,M61
1477811858,33553_11415393_2436_M61_1,2436_M61,201165,18:10:00,20161030,-33.759239196777344,150.9929962158203,177.0,0.0,0.0,0,1,1,M61
1477811853,33553_11415360_2436_M61_1,2436_M61,235068,18:10:00,20161030,-33.85765075683594,151.20721435546875,28.0,17.899999618530273,64.43999862670898,0,1,2,M61
1477811844,9212_159656_2446_877_1,2446_877,315846,17:54:00,20161030,-34.04035186767578,150.80760192871094,107.0,14.300000190734863,51.48000068664551,0,4,1,877
1477811856,8896_89461880739_2433_780_1,2433_780,24185,17:59:00,20161030,-33.74759292602539,150.777587890625,176.0,6.699999809265137,24.119999313354494,0,0,1,780
1477811863,34456_84354_2456_10_1,2456_10,214318,17:41:00,20161030,-34.42672348022461,150.90206909179688,10.0,0.6000000238418579,2.1600000858306885,0,0,1,10
1477811863,3936_69845_2453_19_1,2453_19,312322,18:02:00,20161030,-33.30803680419922,151.42295837402344,142.0,7.599999904632568,27.359999656677246,0,1,1,19
1477811854,11954_136334113_2438_M30_1,2438_M30,338741,17:51:00,20161030,-33.883262634277344,151.20361328125,52.0,1.600000023841858,5.760000085830689,0,1,1,M30
1477811851,11954_136334114_2438_M30_1,2438_M30,338742,18:14:00,20161030,-33.90538787841797,151.1674346923828,81.0,6.199999809265137,22.319999313354494,0,1,1,M30
1477811851,11954_136334118_2438_M30_1,2438_M30,338559,17:21:00,20161030,-33.91251754760742,151.1603240966797,124.0,4.199999809265137,15.119999313354493,0,1,1,M30
1477811858,11954_76556118_2441_M10_1,2441_M10,342729,17:32:00,20161030,-33.92237091064453,151.22686767578125,172.0,9.300000190734863,33.48000068664551,0,1,1,M10
1477811862,11954_76556119_2441_M10_1,2441_M10,342787,18:12:00,20161030,-33.884796142578125,151.1571807861328,176.0,6.300000190734863,22.68000068664551,0,4,1,M10
1477811856,11954_76458770_2441_M10_1,2441_M10,342713,18:03:00,20161030,-33.90158462524414,151.2225341796875,345.0,6.400000095367432,23.040000343322756,0,1,1,M10
1477811849,11954_76458768_2441_M10_1,2441_M10,342770,17:22:00,20161030,-33.88092803955078,151.1590118408203,12.0,12.5,45.0,0,0,1,M10
1477811859,11954_76458769_2441_M10_1,2441_M10,342658,17:42:00,20161030,-33.8836784362793,151.2032470703125,244.0,3.5999999046325684,12.959999656677246,0,1,1,M10
1477811841,11954___M10_1,_M10,,17:47:05,20161030,-33.87687683105469,151.21180725097656,91.0,0.0,0.0,2,1,2,
1477811858,8896_89462110782_2433_782_1,2433_782,294231,18:13:00,20161030,-33.750972747802734,150.7036590576172,9.0,12.300000190734863,44.28000068664551,0,4,1,782
1477811856,9212_236734_2446_880_1,2446_880,239394,17:43:00,20161030,-34.06452941894531,150.80697631835938,287.0,3.299999952316284,11.879999828338624,0,1,2,880
1477811848,23537_139266_2444_907_1,2444_907,173596,18:15:00,20161030,-33.91557312011719,151.03756713867188,164.0,0.8999999761581421,3.2399999141693114,0,1,1,907
1477811855,17740_7794202_2451_226_1,2451_226,266423,17:50:00,20161030,-32.89657974243164,151.71990966796875,304.0,0.0,0.0,0,1,1,226
1477811862,8266_169450_2445_270_1,2445_270,225076,18:15:00,20161030,-33.86870193481445,151.20526123046875,355.0,7.300000190734863,26.280000686645508,0,1,1,270
1477811860,11954_76362394_2439_501_1,2439_501,261019,18:02:00,20161030,-33.87053298950195,151.19168090820312,216.0,0.0,0.0,0,1,2,501
1477811856,11954_76362384_2439_501_1,2439_501,287257,18:04:00,20161030,-33.814266204833984,151.10702514648438,131.0,13.100000381469727,47.16000137329102,0,0,1,501
1477811855,3936_99481_2453_22_1,2453_22,312560,18:15:00,20161030,-33.345115661621094,151.49598693847656,224.0,0.0,0.0,0,1,1,22
1477811860,3936_199082_2453_22_1,2453_22,312013,17:45:00,20161030,-33.418296813964844,151.4459686279297,75.0,12.0,43.2,0,0,1,22
1477811847,34456_351426_2456_76_1,2456_76,234152,18:24:00,20161030,-34.577491760253906,150.86973571777344,155.0,0.0,0.0,0,0,2,76
1477811846,33553_11418090_2436_610X_1,2436_610X,235066,17:40:00,20161030,-33.759708404541016,150.9928436279297,358.0,0.30000001192092896,1.0800000429153442,0,1,1,610X
1477811850,11954_75211485_2438_431_1,2438_431,261860,18:00:00,20161030,-33.88433837890625,151.1927032470703,323.0,6.599999904632568,23.75999965667725,0,1,2,431
1477811622,11954_75211476_2438_431_1,2438_431,85887,18:33:00,20161030,-33.87199020385742,151.1800079345703,195.0,0.0,0.0,0,1,2,431
1477811861,11954_75211432_2438_431_1,2438_431,85886,18:03:00,20161030,-33.884132385253906,151.2013397216797,87.0,0.0,0.0,0,4,2,431
1477811787,11954_135688211_2441_381_1,2441_381,62382,17:54:00,20161030,-33.89704513549805,151.27088928222656,183.0,0.0,0.0,0,0,1,381
1477811863,11954_76503771_2441_381_1,2441_381,262425,18:17:00,20161030,-33.89189910888672,151.25108337402344,77.0,6.599999904632568,23.75999965667725,0,1,1,381
1477811865,11954_142750483_2441_381_1,2441_381,48322,18:18:00,20161030,-33.88960647583008,151.2832794189453,208.0,0.6000000238418579,2.1600000858306885,0,1,2,381
1477811860,11954_129808430_2441_381_1,2441_381,113533,18:11:00,20161030,-33.89705276489258,151.26959228515625,310.0,6.800000190734863,24.480000686645507,0,2,2,381
1477811859,11954_142750485_2441_381_1,2441_381,48320,17:58:00,20161030,-33.89204025268555,151.25022888183594,261.0,0.0,0.0,0,4,3,381
1477811850,11954_142750502_2441_381_1,2441_381,262424,18:06:00,20161030,-33.893714904785156,151.26231384277344,95.0,3.9000000953674316,14.040000343322754,0,2,3,381
1477811854,11954_139858063_2438_483_1,2438_483,339187,17:59:00,20161030,-33.88988494873047,151.14913940429688,254.0,9.199999809265137,33.11999931335449,0,2,1,483
1477811856,17740_7794427_2451_349_1,2451_349,266364,17:20:00,20161030,-33.0895881652832,151.63861083984375,189.0,1.2999999523162842,4.679999828338623,0,1,1,349
1477811839,38743_4146046_2435_802_1,2435_802,356066,17:17:00,20161030,-33.85261154174805,150.96002197265625,14.0,7.699999809265137,27.719999313354492,0,0,1,802
1477811838,38743_4146217_2435_802_1,2435_802,355513,17:58:00,20161030,-33.84196090698242,150.97488403320312,194.0,11.600000381469727,41.76000137329102,0,0,1,802
1477811857,38743_4146208_2435_802_1,2435_802,355511,16:58:00,20161030,-33.92290496826172,150.92120361328125,9.0,7.900000095367432,28.440000343322755,0,1,1,802
1477811734,11954_76250800_2440_230_1,2440_230,317934,18:23:00,20161030,-33.83821105957031,151.23297119140625,21.0,0.0,0.0,0,0,2,230
1477811853,33556_11422218_2450_260_1,2450_260,297505,18:07:00,20161030,-32.89524459838867,151.66543579101562,19.0,8.300000190734863,29.88000068664551,0,1,1,260
1477811862,12534_82082490762_2452_64_1,2452_64,329775,18:00:00,20161030,-33.44636917114258,151.37408447265625,186.0,5.300000190734863,19.08000068664551,0,1,1,64
1477811865,11954_76393758_2439_207_1,2439_207,262244,17:50:00,20161030,-33.80260467529297,151.21151733398438,2.0,10.0,36.0,0,1,1,207
1477811850,11954_76538059_2438_490_1,2438_490,56652,18:00:00,20161030,-33.92399978637695,151.10140991210938,63.0,9.300000190734863,33.48000068664551,0,0,1,490
1477811779,11954_142750107_2441_374_1,2441_374,304348,18:25:00,20161030,-33.918643951416016,151.2574005126953,185.0,0.0,0.0,0,0,2,374
1477811862,11954_142749997_2441_374_1,2441_374,304347,18:00:00,20161030,-33.8990478515625,151.2220458984375,352.0,15.5,55.800000000000004,0,4,2,374
1477811856,11954_142750016_2441_374_1,2441_374,287141,18:10:00,20161030,-33.8713493347168,151.21014404296875,187.0,0.0,0.0,0,1,1,374
1477811857,11954_780510_2438_444_1,2438_444,342693,17:38:00,20161030,-33.875022888183594,151.15603637695312,356.0,4.400000095367432,15.840000343322755,0,1,1,444
1477811852,11954_779859_2438_444_1,2438_444,342672,17:05:00,20161030,-33.91321563720703,151.10403442382812,355.0,0.0,0.0,0,1,1,444
1477811857,11954_780022_2438_444_1,2438_444,342659,17:35:00,20161030,-33.91386795043945,151.11505126953125,244.0,8.300000190734863,29.88000068664551,0,1,1,444
1477811857,11954_780149_2438_444_1,2438_444,342703,18:42:00,20161030,-33.875022888183594,151.15603637695312,356.0,4.400000095367432,15.840000343322755,0,1,1,444
1477811857,11954_780148_2438_444_1,2438_444,342745,18:38:00,20161030,-33.91386795043945,151.11505126953125,244.0,8.300000190734863,29.88000068664551,0,1,1,444
1477811852,11954_76503680_2441_380_1,2441_380,262263,18:10:00,20161030,-33.87113571166992,151.21017456054688,186.0,0.0,0.0,0,1,2,380
1477811861,11954_161491856_2441_380_1,2441_380,341343,17:44:00,20161030,-33.87496566772461,151.20970153808594,5.0,0.30000001192092896,1.0800000429153442,0,1,1,380
1477811861,11954_76503573_2441_380_1,2441_380,262580,17:55:00,20161030,-33.8902587890625,151.2356414794922,119.0,5.699999809265137,20.519999313354493,0,1,2,380
1477811853,11954_76503572_2441_380_1,2441_380,263706,17:39:00,20161030,-33.892330169677734,151.2548370361328,137.0,7.900000095367432,28.440000343322755,0,0,3,380
1477811855,11954_76503651_2441_380_1,2441_380,307760,18:05:00,20161030,-33.87993240356445,151.28134155273438,184.0,8.199999809265137,29.519999313354493,0,4,1,380
1477811852,11954_76503650_2441_380_1,2441_380,307759,17:45:00,20161030,-33.89387130737305,151.2632293701172,281.0,7.300000190734863,26.280000686645508,0,0,3,380
1477811855,11954_76503649_2441_380_1,2441_380,308058,17:25:00,20161030,-33.883705139160156,151.22166442871094,295.0,2.799999952316284,10.079999828338623,0,3,3,380
1477811858,11954_76503648_2441_380_1,2441_380,307956,17:10:00,20161030,-33.870811462402344,151.210205078125,6.0,0.0,0.0,0,1,1,380
1477811863,34456_165039_2456_11_1,2456_11,225792,18:25:00,20161030,-34.42672348022461,150.90206909179688,10.0,0.6000000238418579,2.1600000858306885,0,0,1,11
1477811860,33553_11417759_2436_T64_1,2436_T64,331835,17:40:00,20161030,-33.70768356323242,150.97335815429688,340.0,17.299999237060547,62.27999725341797,0,4,1,T64
1477811858,11954_76502740_2441_386_1,2441_386,260950,18:12:00,20161030,-33.86957931518555,151.2699737548828,224.0,3.0,10.8,0,0,1,386
1477811863,23537_139917_2442_970_1,2442_970,330899,18:44:00,20161030,-33.967777252197266,151.1027374267578,102.0,0.0,0.0,0,1,2,970
1477811855,23537_139984_2442_970_1,2442_970,173631,17:50:00,20161030,-34.02800369262695,151.09359741210938,190.0,0.0,0.0,0,0,1,970
1477811841,17740_7794434_2451_350_1,2451_350,313673,17:46:00,20161030,-32.96711349487305,151.69349670410156,175.0,10.199999809265137,36.71999931335449,0,1,1,350
1477811859,17740_7794435_2451_350_1,2451_350,313711,18:10:00,20161030,-33.09319305419922,151.63720703125,2.0,7.599999904632568,27.359999656677246,0,1,1,350
1477811862,10291_101957_2434_853_1,2434_853,322034,18:29:00,20161030,-33.948604583740234,150.86839294433594,164.0,5.400000095367432,19.440000343322755,0,1,1,853
1477811861,10291_235308_2434_853_1,2434_853,320977,18:15:00,20161030,-33.922576904296875,150.92401123046875,281.0,2.799999952316284,10.079999828338623,0,1,1,853
1477811849,11954_77721899_2438_428_1,2438_428,332443,18:09:00,20161030,-33.8780632019043,151.20863342285156,185.0,0.0,0.0,0,1,1,428
1477811850,11954_76538441_2438_428_1,2438_428,329590,18:02:00,20161030,-33.90399169921875,151.16854858398438,26.0,5.800000190734863,20.88000068664551,0,4,1,428
1477811862,11954_804400_2438_438_1,2438_438,262127,17:39:00,20161030,-33.87525939941406,151.1346435546875,328.0,0.0,0.0,0,1,1,438
1477811864,11954_804431_2438_438_1,2438_438,262128,17:50:00,20161030,-33.88554763793945,151.1571807861328,349.0,0.0,0.0,0,4,1,438
1477811856,11954_73459500_2438_438_1,2438_438,89663,17:49:00,20161030,-33.884578704833984,151.1927947998047,81.0,3.700000047683716,13.320000171661377,0,1,1,438
1477811860,9212_120245_2446_885_1,2446_885,298237,18:01:00,20161030,-34.09490966796875,150.804931640625,306.0,0.0,0.0,0,1,1,885
1477811865,11954_78908152_2439_500_1,2439_500,131342,18:08:00,20161030,-33.873138427734375,151.20834350585938,276.0,0.0,0.0,0,1,1,500
1477811861,11954_142750413_2441_377_1,2441_377,304167,17:38:00,20161030,-33.87356948852539,151.20986938476562,6.0,0.0,0.0,0,1,1,377
1477811865,11954_142750447_2441_377_1,2441_377,285920,18:14:00,20161030,-33.86752700805664,151.2106170654297,197.0,0.0,0.0,0,2,1,377
1477811852,23537_140039_2442_969_1,2442_969,313159,18:07:00,20161030,-34.03890609741211,151.129150390625,98.0,0.0,0.0,0,0,1,969
1477811854,8896_89463290739_2433_799_1,2433_799,24572,18:13:00,20161030,-33.79931640625,150.68820190429688,317.0,14.899999618530273,53.63999862670899,0,1,1,799
1477811863,23537_139916_2442_971_1,2442_971,175727,18:20:00,20161030,-33.967777252197266,151.1027374267578,102.0,0.0,0.0,0,1,2,971
1477811859,23537_140077_2442_923_1,2442_923,171836,18:10:00,20161030,-33.92392349243164,151.03067016601562,280.0,0.0,0.0,0,2,1,923
1477811864,11954_76503319_2441_324_1,2441_324,338164,18:13:00,20161030,-33.85332489013672,151.28472900390625,199.0,11.899999618530273,42.83999862670898,0,4,1,324
1477811865,11954_76503318_2441_324_1,2441_324,338699,17:43:00,20161030,-33.873016357421875,151.2072296142578,279.0,3.5,12.6,0,1,1,324
1477811856,11954_76503202_2441_324_1,2441_324,338170,17:42:00,20161030,-33.87242126464844,151.25875854492188,103.0,12.0,43.2,0,1,1,324
1477811858,11954_161492074_2441_324_1,2441_324,341049,18:03:00,20161030,-33.871315002441406,151.255126953125,299.0,9.399999618530273,33.83999862670898,0,0,1,324
1477811860,33553_11418019_2436_705_1,2436_705,301145,17:57:00,20161030,-33.77585220336914,150.9358367919922,140.0,9.899999618530273,35.63999862670899,0,2,1,705
1477811860,34456_317216_2456_55C_1,2456_55C,353478,17:50:00,20161030,-34.42549133300781,150.89288330078125,13.0,9.5,34.2,0,1,1,55C
1477811844,34456_317174_2456_55C_1,2456_55C,353477,17:40:00,20161030,-34.41187286376953,150.8911590576172,13.0,7.5,27.0,0,1,1,55C
1477811851,12534_82082330762_2452_68_1,2452_68,329899,18:09:00,20161030,-33.44205093383789,151.40933227539062,278.0,12.5,45.0,0,1,1,68
1477811853,11954_76503310_2441_325_1,2441_325,338509,17:57:00,20161030,-33.87621307373047,151.2279510498047,86.0,7.5,27.0,0,1,1,325
1477811858,11954_76503178_2441_325_1,2441_325,338161,17:27:00,20161030,-33.847434997558594,151.28219604492188,58.0,8.800000190734863,31.68000068664551,0,1,1,325
1477811862,11954_129311136_2441_440_1,2441_440,342657,17:35:00,20161030,-33.88302993774414,151.2038116455078,227.0,9.0,32.4,0,1,1,440
1477811864,11954_129311135_2441_440_1,2441_440,342686,17:15:00,20161030,-33.885799407958984,151.18161010742188,254.0,10.399999618530273,37.439998626708984,0,0,2,440
1477811852,11954_129311093_2441_440_1,2441_440,342712,18:10:00,20161030,-33.86597442626953,151.16671752929688,234.0,12.0,43.2,0,0,1,440
1477811854,11954_129311092_2441_440_1,2441_440,342711,17:50:00,20161030,-33.88454818725586,151.1923370361328,80.0,5.199999809265137,18.719999313354492,0,1,1,440
1477811854,11954_129311091_2441_440_1,2441_440,342710,17:30:00,20161030,-33.890010833740234,151.23512268066406,106.0,0.0,0.0,0,1,1,440
1477811865,11954_142294434_2441_440_1,2441_440,342692,17:55:00,20161030,-33.888057708740234,151.2313995361328,319.0,9.199999809265137,33.11999931335449,0,4,3,440
1477811855,11954_142426754_2441_440_1,2441_440,85081,18:05:00,20161030,-33.89254379272461,151.24972534179688,9.0,6.400000095367432,23.040000343322756,0,4,1,440
1477811858,11954_76244821_2440_159_1,2440_159,129743,18:07:00,20161030,-33.77824783325195,151.2742156982422,341.0,13.100000381469727,47.16000137329102,0,4,1,159
1477811854,11954_76361252_2439_545_1,2439_545,329292,17:22:00,20161030,-33.791263580322266,151.06593322753906,166.0,10.399999618530273,37.439998626708984,0,0,1,545
1477811858,11954_76362481_2439_545_1,2439_545,328945,17:53:00,20161030,-33.776611328125,151.11915588378906,222.0,0.0,0.0,0,1,1,545
1477811835,34456_340822_2456_65_1,2456_65,234494,17:38:00,20161030,-34.47955322265625,150.8787841796875,94.0,10.5,37.800000000000004,0,0,1,65
1477811835,34456_136222_2456_65_1,2456_65,234261,18:35:00,20161030,-34.47955322265625,150.8787841796875,94.0,10.5,37.800000000000004,0,0,1,65
1477811865,11954_81283165_2438_M20_1,2438_M20,304257,17:47:00,20161030,-33.87606430053711,151.20956420898438,6.0,10.0,36.0,0,1,1,M20
1477811851,11954_81283196_2438_M20_1,2438_M20,89316,17:34:00,20161030,-33.89646530151367,151.20921325683594,97.0,0.0,0.0,0,4,2,M20
1477811863,11954_81283197_2438_M20_1,2438_M20,89781,17:55:00,20161030,-33.86387252807617,151.2054901123047,173.0,0.0,0.0,0,4,1,M20
1477811862,11954_81283198_2438_M20_1,2438_M20,85766,18:15:00,20161030,-33.821109771728516,151.1855926513672,141.0,14.100000381469727,50.76000137329102,0,1,1,M20
1477811853,11954_81280558_2438_M20_1,2438_M20,304453,17:27:00,20161030,-33.826656341552734,151.19981384277344,322.0,10.0,36.0,0,4,1,M20
1477811859,23537_139646_2442_968_1,2442_968,171019,18:00:00,20161030,-34.0296516418457,151.0804901123047,120.0,1.899999976158142,6.8399999141693115,0,1,1,968
1477811857,10291_101904_2434_854_1,2434_854,322284,18:04:00,20161030,-33.92950439453125,150.85679626464844,94.0,9.100000381469727,32.76000137329102,0,0,1,854
1477811849,10291_235365_2434_854_1,2434_854,322182,18:45:00,20161030,-33.93687438964844,150.8898468017578,10.0,13.100000381469727,47.16000137329102,0,1,1,854
1477811703,10291_235244_2434_854_1,2434_854,322181,17:45:00,20161030,-33.93561553955078,150.8425750732422,279.0,9.0,32.4,0,0,1,854
1477811807,8896_89450020739_2433_754_1,2433_754,20086,18:03:00,20161030,-33.73444747924805,150.85946655273438,347.0,8.699999809265137,31.319999313354494,0,0,1,754
1477811838,34456_304665_2456_55A_1,2456_55A,353547,18:00:00,20161030,-34.42732238769531,150.9016876220703,98.0,6.0,21.6,0,0,3,55A
1477811864,34456_304632_2456_55A_1,2456_55A,353546,17:50:00,20161030,-34.41482925415039,150.89979553222656,280.0,0.0,0.0,0,1,1,55A
1477811857,33553_11417826_2436_M60_1,2436_M60,331714,17:50:00,20161030,-33.734195709228516,151.0577850341797,305.0,0.0,0.0,0,0,1,M60
1477811860,33553_11417792_2436_M60_1,2436_M60,331839,18:10:00,20161030,-33.72226333618164,151.1029815673828,252.0,0.0,0.0,0,1,1,M60
1477811853,33553_11417816_2436_M60_1,2436_M60,309667,18:08:00,20161030,-33.81215286254883,151.00587463378906,334.0,2.4000000953674316,8.640000343322754,0,0,2,M60
1477811856,33553_11417815_2436_M60_1,2436_M60,309825,17:28:00,20161030,-33.738494873046875,151.07254028320312,212.0,0.0,0.0,0,1,1,M60
1477811847,11954_76503325_2441_326_1,2441_326,337697,18:21:00,20161030,-33.891151428222656,151.2489471435547,274.0,0.0,0.0,0,1,1,326
1477811861,11954_76503314_2441_326_1,2441_326,337943,18:18:00,20161030,-33.87934112548828,151.2361602783203,13.0,0.0,0.0,0,0,2,326
1477811854,38743_4145651_2435_800_1,2435_800,356065,17:42:00,20161030,-33.84125900268555,150.90481567382812,280.0,12.899999618530273,46.439998626708984,0,1,1,800
1477811859,11954_75373411_2438_441_1,2438_441,260953,18:08:00,20161030,-33.85900115966797,151.17739868164062,4.0,0.0,0.0,0,2,1,441
1477811851,11954_804257_2438_436_1,2438_436,110637,18:15:00,20161030,-33.87017822265625,151.1414031982422,142.0,12.5,45.0,0,1,1,436
1477811863,11954_804317_2438_436_1,2438_436,149149,17:56:00,20161030,-33.88405227661133,151.15264892578125,265.0,9.300000190734863,33.48000068664551,0,0,1,436
